"","province","tag","home_url","last_page","page_url","ad_url","ad_number"
"1","gauteng","v1c9077l3100003","https://www.gumtree.co.za/s-cars-bakkies/gauteng/v1c9077l3100003p1",50,"https://www.gumtree.co.za/s-cars-bakkies/gauteng/page-1/v1c9077l3100003p1","https://www.gumtree.co.za/a-cars-bakkies/eastern-pretoria/isuzu-d+max-my19-300-ho-d-cab-hi+rider-at/1009220190890912832351209",1
"2","gauteng","v1c9077l3100003","https://www.gumtree.co.za/s-cars-bakkies/gauteng/v1c9077l3100003p1",50,"https://www.gumtree.co.za/s-cars-bakkies/gauteng/page-1/v1c9077l3100003p1","https://www.gumtree.co.za/a-cars-bakkies/vereeniging/2019-bmw-320d-m-sport-launch-edt-steptronic/1009152076100911044771609",2
"3","gauteng","v1c9077l3100003","https://www.gumtree.co.za/s-cars-bakkies/gauteng/v1c9077l3100003p1",50,"https://www.gumtree.co.za/s-cars-bakkies/gauteng/page-1/v1c9077l3100003p1","https://www.gumtree.co.za/a-cars-bakkies/sandton/2021-alfa-romeo-stelvio-2-9t-q4-race-edition-for-sale/1008993503200911404480109",3
"4","gauteng","v1c9077l3100003","https://www.gumtree.co.za/s-cars-bakkies/gauteng/v1c9077l3100003p1",50,"https://www.gumtree.co.za/s-cars-bakkies/gauteng/page-1/v1c9077l3100003p1","https://www.gumtree.co.za/a-cars-bakkies/bryanston/2016-mercedes+benz-gle-gle-63-amg-speedshift-plus-7g+troni/1009033439890910320145109",4
"5","gauteng","v1c9077l3100003","https://www.gumtree.co.za/s-cars-bakkies/gauteng/v1c9077l3100003p1",50,"https://www.gumtree.co.za/s-cars-bakkies/gauteng/page-1/v1c9077l3100003p1","https://www.gumtree.co.za/a-cars-bakkies/johannesburg-south/ford-ranger-xle-4000-v6-4wd-automatic/1009120165820910984838309",5
"6","gauteng","v1c9077l3100003","https://www.gumtree.co.za/s-cars-bakkies/gauteng/v1c9077l3100003p1",50,"https://www.gumtree.co.za/s-cars-bakkies/gauteng/page-1/v1c9077l3100003p1","https://www.gumtree.co.za/a-cars-bakkies/soweto/2021-volkswagen-polo-vivo-hatch-1-4-trendline/1008902039810910404594009",6
"7","gauteng","v1c9077l3100003","https://www.gumtree.co.za/s-cars-bakkies/gauteng/v1c9077l3100003p1",50,"https://www.gumtree.co.za/s-cars-bakkies/gauteng/page-1/v1c9077l3100003p1","https://www.gumtree.co.za/a-cars-bakkies/northcliff/2018-ford-fiesta-1-0-ecoboost-trend-for-sale/1006197089290910354972909",7
"8","gauteng","v1c9077l3100003","https://www.gumtree.co.za/s-cars-bakkies/gauteng/v1c9077l3100003p1",50,"https://www.gumtree.co.za/s-cars-bakkies/gauteng/page-1/v1c9077l3100003p1","https://www.gumtree.co.za/a-cars-bakkies/northcliff/2015-volvo-xc60-d5-excel-awd-geartronic-for-sale/1006197082320910354972909",8
"9","gauteng","v1c9077l3100003","https://www.gumtree.co.za/s-cars-bakkies/gauteng/v1c9077l3100003p1",50,"https://www.gumtree.co.za/s-cars-bakkies/gauteng/page-1/v1c9077l3100003p1","https://www.gumtree.co.za/a-cars-bakkies/northcliff/2019-kia-picanto-1-2-style-for-sale/1006150566560910354972909",9
"10","gauteng","v1c9077l3100003","https://www.gumtree.co.za/s-cars-bakkies/gauteng/v1c9077l3100003p1",50,"https://www.gumtree.co.za/s-cars-bakkies/gauteng/page-1/v1c9077l3100003p1","https://www.gumtree.co.za/a-cars-bakkies/northcliff/2018-ford-fiesta-1-0-ecoboost-trend-for-sale/1006197045430910354972909",10
"11","gauteng","v1c9077l3100003","https://www.gumtree.co.za/s-cars-bakkies/gauteng/v1c9077l3100003p1",50,"https://www.gumtree.co.za/s-cars-bakkies/gauteng/page-1/v1c9077l3100003p1","https://www.gumtree.co.za/a-cars-bakkies/northcliff/2017-bmw-120d-5+door-m-sport-steptronic-for-sale/1006197082300910354972909",11
"12","gauteng","v1c9077l3100003","https://www.gumtree.co.za/s-cars-bakkies/gauteng/v1c9077l3100003p1",50,"https://www.gumtree.co.za/s-cars-bakkies/gauteng/page-1/v1c9077l3100003p1","https://www.gumtree.co.za/a-cars-bakkies/northcliff/2019-kia-rio-1-4-tec-5+door-at-for-sale/1006164639580910354972909",12
"13","gauteng","v1c9077l3100003","https://www.gumtree.co.za/s-cars-bakkies/gauteng/v1c9077l3100003p1",50,"https://www.gumtree.co.za/s-cars-bakkies/gauteng/page-1/v1c9077l3100003p1","https://www.gumtree.co.za/a-cars-bakkies/northcliff/2016-audi-q3-1-4-tfsi-s-s+tronic-for-sale/1006197043400910354972909",13
"14","gauteng","v1c9077l3100003","https://www.gumtree.co.za/s-cars-bakkies/gauteng/v1c9077l3100003p1",50,"https://www.gumtree.co.za/s-cars-bakkies/gauteng/page-1/v1c9077l3100003p1","https://www.gumtree.co.za/a-cars-bakkies/northcliff/2017-mazda-cx+5-2-0-active-4x2-for-sale/1006197045350910354972909",14
"15","gauteng","v1c9077l3100003","https://www.gumtree.co.za/s-cars-bakkies/gauteng/v1c9077l3100003p1",50,"https://www.gumtree.co.za/s-cars-bakkies/gauteng/page-1/v1c9077l3100003p1","https://www.gumtree.co.za/a-cars-bakkies/northcliff/2019-kia-sportage-1-6-gdi-ignite-at-for-sale/1006164635510910354972909",15
"16","gauteng","v1c9077l3100003","https://www.gumtree.co.za/s-cars-bakkies/gauteng/v1c9077l3100003p1",50,"https://www.gumtree.co.za/s-cars-bakkies/gauteng/page-1/v1c9077l3100003p1","https://www.gumtree.co.za/a-cars-bakkies/johannesburg-cbd/2016-volkswagen-polo-1-4-comfortline/1009156882310912513551409",16
"17","gauteng","v1c9077l3100003","https://www.gumtree.co.za/s-cars-bakkies/gauteng/v1c9077l3100003p1",50,"https://www.gumtree.co.za/s-cars-bakkies/gauteng/page-1/v1c9077l3100003p1","https://www.gumtree.co.za/a-cars-bakkies/johannesburg-cbd/2014-toyota-etios-1-5-xs-sedan-silver-with-63000km-available-now/1009153880460912436984609",17
"18","gauteng","v1c9077l3100003","https://www.gumtree.co.za/s-cars-bakkies/gauteng/v1c9077l3100003p1",50,"https://www.gumtree.co.za/s-cars-bakkies/gauteng/page-1/v1c9077l3100003p1","https://www.gumtree.co.za/a-cars-bakkies/pretoria-west/datsun-go-2015-model/1009266792300912119319109",18
"19","gauteng","v1c9077l3100003","https://www.gumtree.co.za/s-cars-bakkies/gauteng/v1c9077l3100003p1",50,"https://www.gumtree.co.za/s-cars-bakkies/gauteng/page-1/v1c9077l3100003p1","https://www.gumtree.co.za/a-cars-bakkies/other/2012-audi-a4-sedan/1009266901630910061664409",19
"20","gauteng","v1c9077l3100003","https://www.gumtree.co.za/s-cars-bakkies/gauteng/v1c9077l3100003p1",50,"https://www.gumtree.co.za/s-cars-bakkies/gauteng/page-1/v1c9077l3100003p1","https://www.gumtree.co.za/a-cars-bakkies/johannesburg-cbd/2007-toyota-avanza-1-5-vvt+i/1009156903700912513551409",20
"21","gauteng","v1c9077l3100003","https://www.gumtree.co.za/s-cars-bakkies/gauteng/v1c9077l3100003p1",50,"https://www.gumtree.co.za/s-cars-bakkies/gauteng/page-1/v1c9077l3100003p1","https://www.gumtree.co.za/a-cars-bakkies/northcliff/2017-mercedes+benz-glc-220-d-4matic-exclusive-9g+tronic-for-sale/1006197043370910354972909",21
"22","gauteng","v1c9077l3100003","https://www.gumtree.co.za/s-cars-bakkies/gauteng/v1c9077l3100003p1",50,"https://www.gumtree.co.za/s-cars-bakkies/gauteng/page-1/v1c9077l3100003p1","https://www.gumtree.co.za/a-cars-bakkies/northcliff/2016-kia-sportage-2-0-4x2-for-sale/1006197043390910354972909",22
"23","gauteng","v1c9077l3100003","https://www.gumtree.co.za/s-cars-bakkies/gauteng/v1c9077l3100003p1",50,"https://www.gumtree.co.za/s-cars-bakkies/gauteng/page-1/v1c9077l3100003p1","https://www.gumtree.co.za/a-cars-bakkies/northcliff/2016-volvo-v40-t3-momentum-geartronic-for-sale/1006197089310910354972909",23
"24","gauteng","v1c9077l3100003","https://www.gumtree.co.za/s-cars-bakkies/gauteng/v1c9077l3100003p1",50,"https://www.gumtree.co.za/s-cars-bakkies/gauteng/page-1/v1c9077l3100003p1","https://www.gumtree.co.za/a-cars-bakkies/johannesburg-cbd/2012-suzuki-sx4-2-0/1009022548240912464974409",24
"25","gauteng","v1c9077l3100003","https://www.gumtree.co.za/s-cars-bakkies/gauteng/v1c9077l3100003p1",50,"https://www.gumtree.co.za/s-cars-bakkies/gauteng/page-1/v1c9077l3100003p1","https://www.gumtree.co.za/a-cars-bakkies/johannesburg-cbd/2016-volkswagen-polo-vivo-hatch-1-6-comfortline/1009022429170912464974409",25
"26","gauteng","v1c9077l3100003","https://www.gumtree.co.za/s-cars-bakkies/gauteng/v1c9077l3100003p1",50,"https://www.gumtree.co.za/s-cars-bakkies/gauteng/page-1/v1c9077l3100003p1","https://www.gumtree.co.za/a-cars-bakkies/johannesburg-cbd/2017-nissan-np200-1-6-8v-a-c/1009022533460912464974409",26
"27","gauteng","v1c9077l3100003","https://www.gumtree.co.za/s-cars-bakkies/gauteng/v1c9077l3100003p1",50,"https://www.gumtree.co.za/s-cars-bakkies/gauteng/page-2/v1c9077l3100003p2","https://www.gumtree.co.za/a-cars-bakkies/vereeniging/2020-bmw-x4-my18-xdrive20d-steptronic/1009152367910911044771609",27
"28","gauteng","v1c9077l3100003","https://www.gumtree.co.za/s-cars-bakkies/gauteng/v1c9077l3100003p1",50,"https://www.gumtree.co.za/s-cars-bakkies/gauteng/page-2/v1c9077l3100003p2","https://www.gumtree.co.za/a-cars-bakkies/vereeniging/2020-bmw-m4-coupe-competition-m+dct/1008996165720911044771609",28
"29","gauteng","v1c9077l3100003","https://www.gumtree.co.za/s-cars-bakkies/gauteng/v1c9077l3100003p1",50,"https://www.gumtree.co.za/s-cars-bakkies/gauteng/page-2/v1c9077l3100003p2","https://www.gumtree.co.za/a-cars-bakkies/sandton/white-mercedes+benz-x-250d-4x4-d-cab-progressive-with-23000km-available-now/1009097426130911404480109",29
"30","gauteng","v1c9077l3100003","https://www.gumtree.co.za/s-cars-bakkies/gauteng/v1c9077l3100003p1",50,"https://www.gumtree.co.za/s-cars-bakkies/gauteng/page-2/v1c9077l3100003p2","https://www.gumtree.co.za/a-cars-bakkies/bryanston/2014-honda-brio-1-2-comfort/1008873070680910320145109",30
"31","gauteng","v1c9077l3100003","https://www.gumtree.co.za/s-cars-bakkies/gauteng/v1c9077l3100003p1",50,"https://www.gumtree.co.za/s-cars-bakkies/gauteng/page-2/v1c9077l3100003p2","https://www.gumtree.co.za/a-cars-bakkies/johannesburg-cbd/now-stripping-for-spares-+-2014-volkswagen-golf-7-2-0-tsi-gti-dsg-+-now-stripping-for-spares/1009035012210911144740009",31
"32","gauteng","v1c9077l3100003","https://www.gumtree.co.za/s-cars-bakkies/gauteng/v1c9077l3100003p1",50,"https://www.gumtree.co.za/s-cars-bakkies/gauteng/page-2/v1c9077l3100003p2","https://www.gumtree.co.za/a-cars-bakkies/bryanston/2015-hyundai-i10-1-1-motion/1008871850700910320145109",32
"33","gauteng","v1c9077l3100003","https://www.gumtree.co.za/s-cars-bakkies/gauteng/v1c9077l3100003p1",50,"https://www.gumtree.co.za/s-cars-bakkies/gauteng/page-2/v1c9077l3100003p2","https://www.gumtree.co.za/a-cars-bakkies/northcliff/2017-mazda-cx+5-2-0-active-4x2-for-sale/1006197045350910354972909",33
"34","gauteng","v1c9077l3100003","https://www.gumtree.co.za/s-cars-bakkies/gauteng/v1c9077l3100003p1",50,"https://www.gumtree.co.za/s-cars-bakkies/gauteng/page-2/v1c9077l3100003p2","https://www.gumtree.co.za/a-cars-bakkies/northcliff/2019-kia-sportage-1-6-gdi-ignite-at-for-sale/1006164635510910354972909",34
"35","gauteng","v1c9077l3100003","https://www.gumtree.co.za/s-cars-bakkies/gauteng/v1c9077l3100003p1",50,"https://www.gumtree.co.za/s-cars-bakkies/gauteng/page-2/v1c9077l3100003p2","https://www.gumtree.co.za/a-cars-bakkies/johannesburg-cbd/2016-volkswagen-polo-1-4-comfortline/1009156882310912513551409",35
"36","gauteng","v1c9077l3100003","https://www.gumtree.co.za/s-cars-bakkies/gauteng/v1c9077l3100003p1",50,"https://www.gumtree.co.za/s-cars-bakkies/gauteng/page-2/v1c9077l3100003p2","https://www.gumtree.co.za/a-cars-bakkies/johannesburg-cbd/2014-toyota-etios-1-5-xs-sedan-silver-with-63000km-available-now/1009153880460912436984609",36
"37","gauteng","v1c9077l3100003","https://www.gumtree.co.za/s-cars-bakkies/gauteng/v1c9077l3100003p1",50,"https://www.gumtree.co.za/s-cars-bakkies/gauteng/page-2/v1c9077l3100003p2","https://www.gumtree.co.za/a-cars-bakkies/pretoria-west/datsun-go-2015-model/1009266792300912119319109",37
"38","gauteng","v1c9077l3100003","https://www.gumtree.co.za/s-cars-bakkies/gauteng/v1c9077l3100003p1",50,"https://www.gumtree.co.za/s-cars-bakkies/gauteng/page-2/v1c9077l3100003p2","https://www.gumtree.co.za/a-cars-bakkies/other/2012-audi-a4-sedan/1009266901630910061664409",38
"39","gauteng","v1c9077l3100003","https://www.gumtree.co.za/s-cars-bakkies/gauteng/v1c9077l3100003p1",50,"https://www.gumtree.co.za/s-cars-bakkies/gauteng/page-2/v1c9077l3100003p2","https://www.gumtree.co.za/a-cars-bakkies/johannesburg-cbd/2007-toyota-avanza-1-5-vvt+i/1009156903700912513551409",39
"40","gauteng","v1c9077l3100003","https://www.gumtree.co.za/s-cars-bakkies/gauteng/v1c9077l3100003p1",50,"https://www.gumtree.co.za/s-cars-bakkies/gauteng/page-2/v1c9077l3100003p2","https://www.gumtree.co.za/a-cars-bakkies/northcliff/2017-mercedes+benz-glc-220-d-4matic-exclusive-9g+tronic-for-sale/1006197043370910354972909",40
"41","gauteng","v1c9077l3100003","https://www.gumtree.co.za/s-cars-bakkies/gauteng/v1c9077l3100003p1",50,"https://www.gumtree.co.za/s-cars-bakkies/gauteng/page-2/v1c9077l3100003p2","https://www.gumtree.co.za/a-cars-bakkies/northcliff/2016-kia-sportage-2-0-4x2-for-sale/1006197043390910354972909",41
"42","gauteng","v1c9077l3100003","https://www.gumtree.co.za/s-cars-bakkies/gauteng/v1c9077l3100003p1",50,"https://www.gumtree.co.za/s-cars-bakkies/gauteng/page-2/v1c9077l3100003p2","https://www.gumtree.co.za/a-cars-bakkies/northcliff/2016-volvo-v40-t3-momentum-geartronic-for-sale/1006197089310910354972909",42
"43","gauteng","v1c9077l3100003","https://www.gumtree.co.za/s-cars-bakkies/gauteng/v1c9077l3100003p1",50,"https://www.gumtree.co.za/s-cars-bakkies/gauteng/page-2/v1c9077l3100003p2","https://www.gumtree.co.za/a-cars-bakkies/johannesburg-cbd/2012-suzuki-sx4-2-0/1009022548240912464974409",43
"44","gauteng","v1c9077l3100003","https://www.gumtree.co.za/s-cars-bakkies/gauteng/v1c9077l3100003p1",50,"https://www.gumtree.co.za/s-cars-bakkies/gauteng/page-2/v1c9077l3100003p2","https://www.gumtree.co.za/a-cars-bakkies/johannesburg-cbd/2016-volkswagen-polo-vivo-hatch-1-6-comfortline/1009022429170912464974409",44
"45","gauteng","v1c9077l3100003","https://www.gumtree.co.za/s-cars-bakkies/gauteng/v1c9077l3100003p1",50,"https://www.gumtree.co.za/s-cars-bakkies/gauteng/page-2/v1c9077l3100003p2","https://www.gumtree.co.za/a-cars-bakkies/johannesburg-cbd/2017-nissan-np200-1-6-8v-a-c/1009022533460912464974409",45
"46","gauteng","v1c9077l3100003","https://www.gumtree.co.za/s-cars-bakkies/gauteng/v1c9077l3100003p1",50,"https://www.gumtree.co.za/s-cars-bakkies/gauteng/page-2/v1c9077l3100003p2","https://www.gumtree.co.za/a-cars-bakkies/johannesburg-cbd/red-volkswagen-polo-vivo-hatch-1-4-comfortline-with-104000km-available-now/1009153528100912431411909",46
"47","gauteng","v1c9077l3100003","https://www.gumtree.co.za/s-cars-bakkies/gauteng/v1c9077l3100003p1",50,"https://www.gumtree.co.za/s-cars-bakkies/gauteng/page-2/v1c9077l3100003p2","https://www.gumtree.co.za/a-cars-bakkies/johannesburg-cbd/2010-suzuki-swift-1-2-ga/1009156949810912513551409",47
"48","gauteng","v1c9077l3100003","https://www.gumtree.co.za/s-cars-bakkies/gauteng/v1c9077l3100003p1",50,"https://www.gumtree.co.za/s-cars-bakkies/gauteng/page-2/v1c9077l3100003p2","https://www.gumtree.co.za/a-cars-bakkies/johannesburg-cbd/2013-bmw-118i-5+door-facelift-urban-line-for-sale/1009153954340912436984609",48
"49","gauteng","v1c9077l3100003","https://www.gumtree.co.za/s-cars-bakkies/gauteng/v1c9077l3100003p1",50,"https://www.gumtree.co.za/s-cars-bakkies/gauteng/page-2/v1c9077l3100003p2","https://www.gumtree.co.za/a-cars-bakkies/johannesburg-cbd/2011-volkswagen-polo-vivo-hatch-1-4-conceptline-blue-with-87000km-available-now/1009154000440912436984609",49
"50","gauteng","v1c9077l3100003","https://www.gumtree.co.za/s-cars-bakkies/gauteng/v1c9077l3100003p1",50,"https://www.gumtree.co.za/s-cars-bakkies/gauteng/page-2/v1c9077l3100003p2","https://www.gumtree.co.za/a-cars-bakkies/johannesburg-cbd/2016-kia-picanto-1-2-ex-white-with-30000km-available-now/1009153879580912436984609",50
"51","gauteng","v1c9077l3100003","https://www.gumtree.co.za/s-cars-bakkies/gauteng/v1c9077l3100003p1",50,"https://www.gumtree.co.za/s-cars-bakkies/gauteng/page-2/v1c9077l3100003p2","https://www.gumtree.co.za/a-cars-bakkies/randfontein/toyota-avanza-1-5-sx-for-sale/1005923493630911474284609",51
"52","gauteng","v1c9077l3100003","https://www.gumtree.co.za/s-cars-bakkies/gauteng/v1c9077l3100003p1",50,"https://www.gumtree.co.za/s-cars-bakkies/gauteng/page-2/v1c9077l3100003p2","https://www.gumtree.co.za/a-cars-bakkies/randfontein/2007-audi-a3-sportback-2-0-tdi-s+tronic-for-sale/1009181782280911474284609",52
"53","gauteng","v1c9077l3100003","https://www.gumtree.co.za/s-cars-bakkies/gauteng/v1c9077l3100003p1",50,"https://www.gumtree.co.za/s-cars-bakkies/gauteng/page-3/v1c9077l3100003p3","https://www.gumtree.co.za/a-cars-bakkies/roodepoort/2020-honda-civic-1-8-i+vtec-elegance-4+door-cvt-for-sale/1009183948080910902690109",53
"54","gauteng","v1c9077l3100003","https://www.gumtree.co.za/s-cars-bakkies/gauteng/v1c9077l3100003p1",50,"https://www.gumtree.co.za/s-cars-bakkies/gauteng/page-3/v1c9077l3100003p3","https://www.gumtree.co.za/a-cars-bakkies/eastern-pretoria/isuzu-d+max-my19-300-d-cab-lx-at/1009206583990912832351209",54
"55","gauteng","v1c9077l3100003","https://www.gumtree.co.za/s-cars-bakkies/gauteng/v1c9077l3100003p1",50,"https://www.gumtree.co.za/s-cars-bakkies/gauteng/page-3/v1c9077l3100003p3","https://www.gumtree.co.za/a-cars-bakkies/boksburg/2021-mitsubishi-triton-2-4-d-cab-4x2-for-sale/1008797069580910976864409",55
"56","gauteng","v1c9077l3100003","https://www.gumtree.co.za/s-cars-bakkies/gauteng/v1c9077l3100003p1",50,"https://www.gumtree.co.za/s-cars-bakkies/gauteng/page-3/v1c9077l3100003p3","https://www.gumtree.co.za/a-cars-bakkies/bryanston/2017-hyundai-accent-1-6-motion/1008871836980910320145109",56
"57","gauteng","v1c9077l3100003","https://www.gumtree.co.za/s-cars-bakkies/gauteng/v1c9077l3100003p1",50,"https://www.gumtree.co.za/s-cars-bakkies/gauteng/page-3/v1c9077l3100003p3","https://www.gumtree.co.za/a-cars-bakkies/bryanston/2012-bmw-3-series-sedan-320i-f30/1008852179460910320145109",57
"58","gauteng","v1c9077l3100003","https://www.gumtree.co.za/s-cars-bakkies/gauteng/v1c9077l3100003p1",50,"https://www.gumtree.co.za/s-cars-bakkies/gauteng/page-3/v1c9077l3100003p3","https://www.gumtree.co.za/a-cars-bakkies/bryanston/2015-mitsubishi-mirage-1-2-gl/1008852171990910320145109",58
"59","gauteng","v1c9077l3100003","https://www.gumtree.co.za/s-cars-bakkies/gauteng/v1c9077l3100003p1",50,"https://www.gumtree.co.za/s-cars-bakkies/gauteng/page-3/v1c9077l3100003p3","https://www.gumtree.co.za/a-cars-bakkies/johannesburg-cbd/silver-ford-focus-1-6-ambiente-5+door-with-110000km-available-now/1009153520220912431411909",59
"60","gauteng","v1c9077l3100003","https://www.gumtree.co.za/s-cars-bakkies/gauteng/v1c9077l3100003p1",50,"https://www.gumtree.co.za/s-cars-bakkies/gauteng/page-3/v1c9077l3100003p3","https://www.gumtree.co.za/a-cars-bakkies/johannesburg-cbd/2014-kia-sportage-2-0-crdi-ex-awd-at-for-sale/1009153975280912436984609",60
"61","gauteng","v1c9077l3100003","https://www.gumtree.co.za/s-cars-bakkies/gauteng/v1c9077l3100003p1",50,"https://www.gumtree.co.za/s-cars-bakkies/gauteng/page-3/v1c9077l3100003p3","https://www.gumtree.co.za/a-cars-bakkies/sandton/2019-ford-everest-3-2-ltd-4x4-at-panoramic-sunroof-excellent-condition-full-service-hist-47000k/1009220198920912541941409",61
"62","gauteng","v1c9077l3100003","https://www.gumtree.co.za/s-cars-bakkies/gauteng/v1c9077l3100003p1",50,"https://www.gumtree.co.za/s-cars-bakkies/gauteng/page-3/v1c9077l3100003p3","https://www.gumtree.co.za/a-cars-bakkies/johannesburg-cbd/2012-volkswagen-polo-1-4-comfortline/1009156946530912513551409",62
"63","gauteng","v1c9077l3100003","https://www.gumtree.co.za/s-cars-bakkies/gauteng/v1c9077l3100003p1",50,"https://www.gumtree.co.za/s-cars-bakkies/gauteng/page-3/v1c9077l3100003p3","https://www.gumtree.co.za/a-cars-bakkies/johannesburg-cbd/silver-toyota-etios-1-5-xi-5+door-with-65000km-available-now/1009153406970912465018909",63
"64","gauteng","v1c9077l3100003","https://www.gumtree.co.za/s-cars-bakkies/gauteng/v1c9077l3100003p1",50,"https://www.gumtree.co.za/s-cars-bakkies/gauteng/page-3/v1c9077l3100003p3","https://www.gumtree.co.za/a-cars-bakkies/johannesburg-cbd/hyundai-getz-1-4-gl-white-with-99000km-available-now/1009153980930912436984609",64
"65","gauteng","v1c9077l3100003","https://www.gumtree.co.za/s-cars-bakkies/gauteng/v1c9077l3100003p1",50,"https://www.gumtree.co.za/s-cars-bakkies/gauteng/page-3/v1c9077l3100003p3","https://www.gumtree.co.za/a-cars-bakkies/johannesburg-cbd/maroon-kia-rio-1-4-4+door-at-with-33000km-available-now/1009151852320912465018909",65
"66","gauteng","v1c9077l3100003","https://www.gumtree.co.za/s-cars-bakkies/gauteng/v1c9077l3100003p1",50,"https://www.gumtree.co.za/s-cars-bakkies/gauteng/page-3/v1c9077l3100003p3","https://www.gumtree.co.za/a-cars-bakkies/johannesburg-cbd/2008-volkswagen-polo-classic-1-6-comfortline-for-sale/1009153949700912436984609",66
"67","gauteng","v1c9077l3100003","https://www.gumtree.co.za/s-cars-bakkies/gauteng/v1c9077l3100003p1",50,"https://www.gumtree.co.za/s-cars-bakkies/gauteng/page-3/v1c9077l3100003p3","https://www.gumtree.co.za/a-cars-bakkies/johannesburg-cbd/white-ford-ranger-3-2-tdci-xlt-4x2-d-cab-at-with-85000km-available-now/1009153410720912465018909",67
"68","gauteng","v1c9077l3100003","https://www.gumtree.co.za/s-cars-bakkies/gauteng/v1c9077l3100003p1",50,"https://www.gumtree.co.za/s-cars-bakkies/gauteng/page-3/v1c9077l3100003p3","https://www.gumtree.co.za/a-cars-bakkies/boksburg/volkswagen-polo-1-6-comfortline-tiptronic-with-153688km-for-sale/1008139030290910406427209",68
"69","gauteng","v1c9077l3100003","https://www.gumtree.co.za/s-cars-bakkies/gauteng/v1c9077l3100003p1",50,"https://www.gumtree.co.za/s-cars-bakkies/gauteng/page-3/v1c9077l3100003p3","https://www.gumtree.co.za/a-cars-bakkies/boksburg/nissan-np300-hardbody-2-5-tdi-hi+rider-d-cab-with-144593km-for-sale/1007440712540910406427209",69
"70","gauteng","v1c9077l3100003","https://www.gumtree.co.za/s-cars-bakkies/gauteng/v1c9077l3100003p1",50,"https://www.gumtree.co.za/s-cars-bakkies/gauteng/page-3/v1c9077l3100003p3","https://www.gumtree.co.za/a-cars-bakkies/boksburg/volkswagen-polo-1-2-tsi-highline-dsg-with-83000km-for-sale/1007440727310910406427209",70
"71","gauteng","v1c9077l3100003","https://www.gumtree.co.za/s-cars-bakkies/gauteng/v1c9077l3100003p1",50,"https://www.gumtree.co.za/s-cars-bakkies/gauteng/page-3/v1c9077l3100003p3","https://www.gumtree.co.za/a-cars-bakkies/vereeniging/1999-bmw-328i/1008548663780910012953809",71
"72","gauteng","v1c9077l3100003","https://www.gumtree.co.za/s-cars-bakkies/gauteng/v1c9077l3100003p1",50,"https://www.gumtree.co.za/s-cars-bakkies/gauteng/page-3/v1c9077l3100003p3","https://www.gumtree.co.za/a-cars-bakkies/boksburg/nissan-np300-hardbody-2-4-se-hi+rider-d-cab-4x4-with-172358km-for-sale/1008109480790910406427209",72
"73","gauteng","v1c9077l3100003","https://www.gumtree.co.za/s-cars-bakkies/gauteng/v1c9077l3100003p1",50,"https://www.gumtree.co.za/s-cars-bakkies/gauteng/page-3/v1c9077l3100003p3","https://www.gumtree.co.za/a-cars-bakkies/johannesburg-cbd/white-ford-fiesta-1-4-ambiente-5+door-with-57000km-available-now/1009153624420912431411909",73
"74","gauteng","v1c9077l3100003","https://www.gumtree.co.za/s-cars-bakkies/gauteng/v1c9077l3100003p1",50,"https://www.gumtree.co.za/s-cars-bakkies/gauteng/page-3/v1c9077l3100003p3","https://www.gumtree.co.za/a-cars-bakkies/boksburg/volkswagen-polo-vivo-sedan-1-4-trendline-tiptronic-with-49604km-for-sale/1007981738780910406427209",74
"75","gauteng","v1c9077l3100003","https://www.gumtree.co.za/s-cars-bakkies/gauteng/v1c9077l3100003p1",50,"https://www.gumtree.co.za/s-cars-bakkies/gauteng/page-3/v1c9077l3100003p3","https://www.gumtree.co.za/a-cars-bakkies/boksburg/volkswagen-polo-vivo-sedan-1-6-base-with-74092km-for-sale/1007718999590910406427209",75
"76","gauteng","v1c9077l3100003","https://www.gumtree.co.za/s-cars-bakkies/gauteng/v1c9077l3100003p1",50,"https://www.gumtree.co.za/s-cars-bakkies/gauteng/page-3/v1c9077l3100003p3","https://www.gumtree.co.za/a-cars-bakkies/johannesburg-cbd/2010-bmw-323i-steptronic-white-with-96000km-available-now/1009153721210912436984609",76
"77","gauteng","v1c9077l3100003","https://www.gumtree.co.za/s-cars-bakkies/gauteng/v1c9077l3100003p1",50,"https://www.gumtree.co.za/s-cars-bakkies/gauteng/page-3/v1c9077l3100003p3","https://www.gumtree.co.za/a-cars-bakkies/johannesburg-cbd/2016-volkswagen-golf-7-2-0-tsi-r/1009157031500912513551409",77
"78","gauteng","v1c9077l3100003","https://www.gumtree.co.za/s-cars-bakkies/gauteng/v1c9077l3100003p1",50,"https://www.gumtree.co.za/s-cars-bakkies/gauteng/page-3/v1c9077l3100003p3","https://www.gumtree.co.za/a-cars-bakkies/johannesburg-cbd/2010-mercedes+benz-derivative/1009156962870912513551409",78
"79","gauteng","v1c9077l3100003","https://www.gumtree.co.za/s-cars-bakkies/gauteng/v1c9077l3100003p1",50,"https://www.gumtree.co.za/s-cars-bakkies/gauteng/page-4/v1c9077l3100003p4","https://www.gumtree.co.za/a-cars-bakkies/boksburg/2021-honda-cr+v-1-5t-executive-4x4-cvt/1009152390200910908180109",79
"80","gauteng","v1c9077l3100003","https://www.gumtree.co.za/s-cars-bakkies/gauteng/v1c9077l3100003p1",50,"https://www.gumtree.co.za/s-cars-bakkies/gauteng/page-4/v1c9077l3100003p4","https://www.gumtree.co.za/a-cars-bakkies/sandton/burgundy-mercedes+benz-mercedes+amg-c-63-s-speedshift-mct-with-41000km-available-now/1009097387910911404480109",80
"81","gauteng","v1c9077l3100003","https://www.gumtree.co.za/s-cars-bakkies/gauteng/v1c9077l3100003p1",50,"https://www.gumtree.co.za/s-cars-bakkies/gauteng/page-4/v1c9077l3100003p4","https://www.gumtree.co.za/a-cars-bakkies/sandton/white-mercedes+benz-x-250d-4x4-d-cab-progressive-with-23000km-available-now/1009097426130911404480109",81
"82","gauteng","v1c9077l3100003","https://www.gumtree.co.za/s-cars-bakkies/gauteng/v1c9077l3100003p1",50,"https://www.gumtree.co.za/s-cars-bakkies/gauteng/page-4/v1c9077l3100003p4","https://www.gumtree.co.za/a-cars-bakkies/bryanston/2016-volkswagen-up-take-1-0-5+door/1008871857470910320145109",82
"83","gauteng","v1c9077l3100003","https://www.gumtree.co.za/s-cars-bakkies/gauteng/v1c9077l3100003p1",50,"https://www.gumtree.co.za/s-cars-bakkies/gauteng/page-4/v1c9077l3100003p4","https://www.gumtree.co.za/a-cars-bakkies/centurion/2020-toyota-agya-agya/1009057812310910380641609",83
"84","gauteng","v1c9077l3100003","https://www.gumtree.co.za/s-cars-bakkies/gauteng/v1c9077l3100003p1",50,"https://www.gumtree.co.za/s-cars-bakkies/gauteng/page-4/v1c9077l3100003p4","https://www.gumtree.co.za/a-cars-bakkies/bryanston/2009-volvo-s40-2-0d/1008877544570910320145109",84
"85","gauteng","v1c9077l3100003","https://www.gumtree.co.za/s-cars-bakkies/gauteng/v1c9077l3100003p1",50,"https://www.gumtree.co.za/s-cars-bakkies/gauteng/page-4/v1c9077l3100003p4","https://www.gumtree.co.za/a-cars-bakkies/johannesburg-cbd/2013-ford-focus-1-6-ambiente-5+door-white-with-85000km-available-now/1009153899140912436984609",85
"86","gauteng","v1c9077l3100003","https://www.gumtree.co.za/s-cars-bakkies/gauteng/v1c9077l3100003p1",50,"https://www.gumtree.co.za/s-cars-bakkies/gauteng/page-4/v1c9077l3100003p4","https://www.gumtree.co.za/a-cars-bakkies/johannesburg-cbd/2000-volkswagen-playa-1-8/1009156967830912513551409",86
"87","gauteng","v1c9077l3100003","https://www.gumtree.co.za/s-cars-bakkies/gauteng/v1c9077l3100003p1",50,"https://www.gumtree.co.za/s-cars-bakkies/gauteng/page-4/v1c9077l3100003p4","https://www.gumtree.co.za/a-cars-bakkies/johannesburg-cbd/2013-honda-brio-1-2-comfort-white-with-85000km-available-now/1009153607580912436984609",87
"88","gauteng","v1c9077l3100003","https://www.gumtree.co.za/s-cars-bakkies/gauteng/v1c9077l3100003p1",50,"https://www.gumtree.co.za/s-cars-bakkies/gauteng/page-4/v1c9077l3100003p4","https://www.gumtree.co.za/a-cars-bakkies/roodepoort/2020-honda-hr+v-1-5-comfort-cvt-for-sale/1009232814800910902690109",88
"89","gauteng","v1c9077l3100003","https://www.gumtree.co.za/s-cars-bakkies/gauteng/v1c9077l3100003p1",50,"https://www.gumtree.co.za/s-cars-bakkies/gauteng/page-4/v1c9077l3100003p4","https://www.gumtree.co.za/a-cars-bakkies/johannesburg-cbd/2015-ford-ecosport-1-5-tdci-ambiente/1009156926330912513551409",89
"90","gauteng","v1c9077l3100003","https://www.gumtree.co.za/s-cars-bakkies/gauteng/v1c9077l3100003p1",50,"https://www.gumtree.co.za/s-cars-bakkies/gauteng/page-4/v1c9077l3100003p4","https://www.gumtree.co.za/a-cars-bakkies/johannesburg-cbd/2006-ford-ranger-2-2/1009156815080912513551409",90
"91","gauteng","v1c9077l3100003","https://www.gumtree.co.za/s-cars-bakkies/gauteng/v1c9077l3100003p1",50,"https://www.gumtree.co.za/s-cars-bakkies/gauteng/page-4/v1c9077l3100003p4","https://www.gumtree.co.za/a-cars-bakkies/northern-pretoria/2016-datsun-go-1-2-mid/1006964211600912547751009",91
"92","gauteng","v1c9077l3100003","https://www.gumtree.co.za/s-cars-bakkies/gauteng/v1c9077l3100003p1",50,"https://www.gumtree.co.za/s-cars-bakkies/gauteng/page-4/v1c9077l3100003p4","https://www.gumtree.co.za/a-cars-bakkies/northern-pretoria/2015-volkswagen-polo-sedan-1-5-tdi-comfortline/1006968047090912547751009",92
"93","gauteng","v1c9077l3100003","https://www.gumtree.co.za/s-cars-bakkies/gauteng/v1c9077l3100003p1",50,"https://www.gumtree.co.za/s-cars-bakkies/gauteng/page-4/v1c9077l3100003p4","https://www.gumtree.co.za/a-cars-bakkies/johannesburg-cbd/2013-chevrolet-utility-1-8-sport-white-with-165000km-available-now/1009153643670912436984609",93
"94","gauteng","v1c9077l3100003","https://www.gumtree.co.za/s-cars-bakkies/gauteng/v1c9077l3100003p1",50,"https://www.gumtree.co.za/s-cars-bakkies/gauteng/page-4/v1c9077l3100003p4","https://www.gumtree.co.za/a-cars-bakkies/northcliff/2018-mercedes+benz-c-180-be-avantgarde-7g+tronic-plus-for-sale/1006164637660910354972909",94
"95","gauteng","v1c9077l3100003","https://www.gumtree.co.za/s-cars-bakkies/gauteng/v1c9077l3100003p1",50,"https://www.gumtree.co.za/s-cars-bakkies/gauteng/page-4/v1c9077l3100003p4","https://www.gumtree.co.za/a-cars-bakkies/johannesburg-cbd/2004-mercedes+benz-derivative/1009157053550912513551409",95
"96","gauteng","v1c9077l3100003","https://www.gumtree.co.za/s-cars-bakkies/gauteng/v1c9077l3100003p1",50,"https://www.gumtree.co.za/s-cars-bakkies/gauteng/page-4/v1c9077l3100003p4","https://www.gumtree.co.za/a-cars-bakkies/johannesburg-cbd/2018-renault-kwid-1-0-climber-abs/1009156907830912513551409",96
"97","gauteng","v1c9077l3100003","https://www.gumtree.co.za/s-cars-bakkies/gauteng/v1c9077l3100003p1",50,"https://www.gumtree.co.za/s-cars-bakkies/gauteng/page-4/v1c9077l3100003p4","https://www.gumtree.co.za/a-cars-bakkies/johannesburg-cbd/2017-toyota-corolla-1-6-prestige/1009156911810912513551409",97
"98","gauteng","v1c9077l3100003","https://www.gumtree.co.za/s-cars-bakkies/gauteng/v1c9077l3100003p1",50,"https://www.gumtree.co.za/s-cars-bakkies/gauteng/page-4/v1c9077l3100003p4","https://www.gumtree.co.za/a-cars-bakkies/northcliff/2019-kia-picanto-1-0-style-at-for-sale/1006164635550910354972909",98
"99","gauteng","v1c9077l3100003","https://www.gumtree.co.za/s-cars-bakkies/gauteng/v1c9077l3100003p1",50,"https://www.gumtree.co.za/s-cars-bakkies/gauteng/page-4/v1c9077l3100003p4","https://www.gumtree.co.za/a-cars-bakkies/northcliff/2017-ford-fiesta-1-0-ecoboost-ambiente-for-sale/1006197089320910354972909",99
"100","gauteng","v1c9077l3100003","https://www.gumtree.co.za/s-cars-bakkies/gauteng/v1c9077l3100003p1",50,"https://www.gumtree.co.za/s-cars-bakkies/gauteng/page-4/v1c9077l3100003p4","https://www.gumtree.co.za/a-cars-bakkies/johannesburg-cbd/2012-toyota-yaris-1-0-xs-3+door-grey-with-67000km-available-now/1009153901950912436984609",100
"101","gauteng","v1c9077l3100003","https://www.gumtree.co.za/s-cars-bakkies/gauteng/v1c9077l3100003p1",50,"https://www.gumtree.co.za/s-cars-bakkies/gauteng/page-4/v1c9077l3100003p4","https://www.gumtree.co.za/a-cars-bakkies/northcliff/2016-hyundai-grand-i10-1-2-fluid-for-sale/1006142498890910354972909",101
"102","gauteng","v1c9077l3100003","https://www.gumtree.co.za/s-cars-bakkies/gauteng/v1c9077l3100003p1",50,"https://www.gumtree.co.za/s-cars-bakkies/gauteng/page-4/v1c9077l3100003p4","https://www.gumtree.co.za/a-cars-bakkies/northcliff/2019-kia-sportage-2-0-crdi-ignite-plus-at-for-sale/1006164637700910354972909",102
"103","gauteng","v1c9077l3100003","https://www.gumtree.co.za/s-cars-bakkies/gauteng/v1c9077l3100003p1",50,"https://www.gumtree.co.za/s-cars-bakkies/gauteng/page-4/v1c9077l3100003p4","https://www.gumtree.co.za/a-cars-bakkies/northcliff/2015-volkswagen-touareg-3-0-v6-tdi-bmt-luxury-tiptronic-for-sale/1006197043360910354972909",103
"104","gauteng","v1c9077l3100003","https://www.gumtree.co.za/s-cars-bakkies/gauteng/v1c9077l3100003p1",50,"https://www.gumtree.co.za/s-cars-bakkies/gauteng/page-4/v1c9077l3100003p4","https://www.gumtree.co.za/a-cars-bakkies/northcliff/2018-ford-fiesta-1-0-ecoboost-trend-at-for-sale/1006197045420910354972909",104
"105","gauteng","v1c9077l3100003","https://www.gumtree.co.za/s-cars-bakkies/gauteng/v1c9077l3100003p1",50,"https://www.gumtree.co.za/s-cars-bakkies/gauteng/page-5/v1c9077l3100003p5","https://www.gumtree.co.za/a-cars-bakkies/sandton/burgundy-mercedes+benz-mercedes+amg-c-63-s-speedshift-mct-with-41000km-available-now/1009097387910911404480109",105
"106","gauteng","v1c9077l3100003","https://www.gumtree.co.za/s-cars-bakkies/gauteng/v1c9077l3100003p1",50,"https://www.gumtree.co.za/s-cars-bakkies/gauteng/page-5/v1c9077l3100003p5","https://www.gumtree.co.za/a-cars-bakkies/boksburg/2020-honda-ballade-1-5-i+vtec-trend-for-sale/1009152077540910976864409",106
"107","gauteng","v1c9077l3100003","https://www.gumtree.co.za/s-cars-bakkies/gauteng/v1c9077l3100003p1",50,"https://www.gumtree.co.za/s-cars-bakkies/gauteng/page-5/v1c9077l3100003p5","https://www.gumtree.co.za/a-cars-bakkies/boksburg/2020-honda-ballade-my20-1-5-rs-cvt/1009152256940910908180109",107
"108","gauteng","v1c9077l3100003","https://www.gumtree.co.za/s-cars-bakkies/gauteng/v1c9077l3100003p1",50,"https://www.gumtree.co.za/s-cars-bakkies/gauteng/page-5/v1c9077l3100003p5","https://www.gumtree.co.za/a-cars-bakkies/bryanston/2014-bmw-3-series-sedan-335i-m-sport-sport-steptronic/1009108460160910320145109",108
"109","gauteng","v1c9077l3100003","https://www.gumtree.co.za/s-cars-bakkies/gauteng/v1c9077l3100003p1",50,"https://www.gumtree.co.za/s-cars-bakkies/gauteng/page-5/v1c9077l3100003p5","https://www.gumtree.co.za/a-cars-bakkies/soweto/2021-toyota-yaris-1-5-xs/1008740594510910404594909",109
"110","gauteng","v1c9077l3100003","https://www.gumtree.co.za/s-cars-bakkies/gauteng/v1c9077l3100003p1",50,"https://www.gumtree.co.za/s-cars-bakkies/gauteng/page-5/v1c9077l3100003p5","https://www.gumtree.co.za/a-cars-bakkies/centurion/2019-volkswagen-polo-1-0-tsi-trendline/1007964125380910380229609",110
"111","gauteng","v1c9077l3100003","https://www.gumtree.co.za/s-cars-bakkies/gauteng/v1c9077l3100003p1",50,"https://www.gumtree.co.za/s-cars-bakkies/gauteng/page-5/v1c9077l3100003p5","https://www.gumtree.co.za/a-cars-bakkies/northern-pretoria/2004-bmw-3-series-sedan-330d-exclusive-steptronic/1006403282730911473450209",111
"112","gauteng","v1c9077l3100003","https://www.gumtree.co.za/s-cars-bakkies/gauteng/v1c9077l3100003p1",50,"https://www.gumtree.co.za/s-cars-bakkies/gauteng/page-5/v1c9077l3100003p5","https://www.gumtree.co.za/a-cars-bakkies/northern-pretoria/2017-ford-fiesta-1-4-ambiente-ac-43-audio-43-bt/1006403329050911473450209",112
"113","gauteng","v1c9077l3100003","https://www.gumtree.co.za/s-cars-bakkies/gauteng/v1c9077l3100003p1",50,"https://www.gumtree.co.za/s-cars-bakkies/gauteng/page-5/v1c9077l3100003p5","https://www.gumtree.co.za/a-cars-bakkies/northern-pretoria/2012-tata-indica-1-4-b+line-le-ac/1006403149840911473450209",113
"114","gauteng","v1c9077l3100003","https://www.gumtree.co.za/s-cars-bakkies/gauteng/v1c9077l3100003p1",50,"https://www.gumtree.co.za/s-cars-bakkies/gauteng/page-5/v1c9077l3100003p5","https://www.gumtree.co.za/a-cars-bakkies/sunninghill/2020-mahindra-xuv500-2-2crde-w10/1008080162880911148450509",114
"115","gauteng","v1c9077l3100003","https://www.gumtree.co.za/s-cars-bakkies/gauteng/v1c9077l3100003p1",50,"https://www.gumtree.co.za/s-cars-bakkies/gauteng/page-5/v1c9077l3100003p5","https://www.gumtree.co.za/a-cars-bakkies/johannesburg-cbd/2015-honda-ballade-1-5-i+vtec-comfort/1009156877470912513551409",115
"116","gauteng","v1c9077l3100003","https://www.gumtree.co.za/s-cars-bakkies/gauteng/v1c9077l3100003p1",50,"https://www.gumtree.co.za/s-cars-bakkies/gauteng/page-5/v1c9077l3100003p5","https://www.gumtree.co.za/a-cars-bakkies/johannesburg-cbd/2014-chevrolet-aveo-1-5-ls-4+door/1009156796510912513551409",116
"117","gauteng","v1c9077l3100003","https://www.gumtree.co.za/s-cars-bakkies/gauteng/v1c9077l3100003p1",50,"https://www.gumtree.co.za/s-cars-bakkies/gauteng/page-5/v1c9077l3100003p5","https://www.gumtree.co.za/a-cars-bakkies/johannesburg-cbd/2012-toyota-corolla-1-6-advanced/1009156911910912513551409",117
"118","gauteng","v1c9077l3100003","https://www.gumtree.co.za/s-cars-bakkies/gauteng/v1c9077l3100003p1",50,"https://www.gumtree.co.za/s-cars-bakkies/gauteng/page-5/v1c9077l3100003p5","https://www.gumtree.co.za/a-cars-bakkies/northern-pretoria/2013-chevrolet-spark-lite-1-0-ls/1006687538270911473450209",118
"119","gauteng","v1c9077l3100003","https://www.gumtree.co.za/s-cars-bakkies/gauteng/v1c9077l3100003p1",50,"https://www.gumtree.co.za/s-cars-bakkies/gauteng/page-5/v1c9077l3100003p5","https://www.gumtree.co.za/a-cars-bakkies/johannesburg-cbd/2012-bmw-323i-steptronic-for-sale/1009153973400912436984609",119
"120","gauteng","v1c9077l3100003","https://www.gumtree.co.za/s-cars-bakkies/gauteng/v1c9077l3100003p1",50,"https://www.gumtree.co.za/s-cars-bakkies/gauteng/page-5/v1c9077l3100003p5","https://www.gumtree.co.za/a-cars-bakkies/johannesburg-cbd/2019-nissan-micra-1-2/1009156804030912513551409",120
"121","gauteng","v1c9077l3100003","https://www.gumtree.co.za/s-cars-bakkies/gauteng/v1c9077l3100003p1",50,"https://www.gumtree.co.za/s-cars-bakkies/gauteng/page-5/v1c9077l3100003p5","https://www.gumtree.co.za/a-cars-bakkies/northern-pretoria/2014-ford-ranger-3-2-d-xlt-hr-d-cab/1006792410070911473450209",121
"122","gauteng","v1c9077l3100003","https://www.gumtree.co.za/s-cars-bakkies/gauteng/v1c9077l3100003p1",50,"https://www.gumtree.co.za/s-cars-bakkies/gauteng/page-5/v1c9077l3100003p5","https://www.gumtree.co.za/a-cars-bakkies/johannesburg-cbd/2013-toyota-etios-1-5-xs-5+door-silver-with-106000km-available-now/1009153933900912436984609",122
"123","gauteng","v1c9077l3100003","https://www.gumtree.co.za/s-cars-bakkies/gauteng/v1c9077l3100003p1",50,"https://www.gumtree.co.za/s-cars-bakkies/gauteng/page-5/v1c9077l3100003p5","https://www.gumtree.co.za/a-cars-bakkies/johannesburg-cbd/2009-kia-picanto-1-2-style/1009157005230912513551409",123
"124","gauteng","v1c9077l3100003","https://www.gumtree.co.za/s-cars-bakkies/gauteng/v1c9077l3100003p1",50,"https://www.gumtree.co.za/s-cars-bakkies/gauteng/page-5/v1c9077l3100003p5","https://www.gumtree.co.za/a-cars-bakkies/johannesburg-cbd/gold-volkswagen-polo-vivo-hatch-1-4-comfortline-with-71000km-available-now/1009153617310912431411909",124
"125","gauteng","v1c9077l3100003","https://www.gumtree.co.za/s-cars-bakkies/gauteng/v1c9077l3100003p1",50,"https://www.gumtree.co.za/s-cars-bakkies/gauteng/page-5/v1c9077l3100003p5","https://www.gumtree.co.za/a-cars-bakkies/northern-pretoria/2011-audi-a4-sedan-2-0-t-ambition-multitronic/1006403264850911473450209",125
"126","gauteng","v1c9077l3100003","https://www.gumtree.co.za/s-cars-bakkies/gauteng/v1c9077l3100003p1",50,"https://www.gumtree.co.za/s-cars-bakkies/gauteng/page-5/v1c9077l3100003p5","https://www.gumtree.co.za/a-cars-bakkies/johannesburg-cbd/2005-toyota-tazz-130-sport-silver-with-181000km-available-now/1009153774250912436984609",126
"127","gauteng","v1c9077l3100003","https://www.gumtree.co.za/s-cars-bakkies/gauteng/v1c9077l3100003p1",50,"https://www.gumtree.co.za/s-cars-bakkies/gauteng/page-5/v1c9077l3100003p5","https://www.gumtree.co.za/a-cars-bakkies/vereeniging/2015-toyota-hilux-3-0-d+4d-d-cab-r-body-raider-legend-45-for-sale/1008831580110911400400809",127
"128","gauteng","v1c9077l3100003","https://www.gumtree.co.za/s-cars-bakkies/gauteng/v1c9077l3100003p1",50,"https://www.gumtree.co.za/s-cars-bakkies/gauteng/page-5/v1c9077l3100003p5","https://www.gumtree.co.za/a-cars-bakkies/johannesburg-cbd/2015-toyota-corolla-1-6-advanced/1009156985630912513551409",128
"129","gauteng","v1c9077l3100003","https://www.gumtree.co.za/s-cars-bakkies/gauteng/v1c9077l3100003p1",50,"https://www.gumtree.co.za/s-cars-bakkies/gauteng/page-5/v1c9077l3100003p5","https://www.gumtree.co.za/a-cars-bakkies/johannesburg-cbd/2015-volkswagen-polo-vivo-hatch-1-4-conceptline-tan-with-62000km-available-now/1009154004110912436984609",129
"130","gauteng","v1c9077l3100003","https://www.gumtree.co.za/s-cars-bakkies/gauteng/v1c9077l3100003p1",50,"https://www.gumtree.co.za/s-cars-bakkies/gauteng/page-5/v1c9077l3100003p5","https://www.gumtree.co.za/a-cars-bakkies/johannesburg-cbd/2015-toyota-etios-1-5-xi-5+door/1009156959850912513551409",130
"131","gauteng","v1c9077l3100003","https://www.gumtree.co.za/s-cars-bakkies/gauteng/v1c9077l3100003p1",50,"https://www.gumtree.co.za/s-cars-bakkies/gauteng/page-6/v1c9077l3100003p6","https://www.gumtree.co.za/a-cars-bakkies/eastern-pretoria/isuzu-d+max-my19-300-ho-d-cab-hi+rider-at/1009220190890912832351209",131
"132","gauteng","v1c9077l3100003","https://www.gumtree.co.za/s-cars-bakkies/gauteng/v1c9077l3100003p1",50,"https://www.gumtree.co.za/s-cars-bakkies/gauteng/page-6/v1c9077l3100003p6","https://www.gumtree.co.za/a-cars-bakkies/vereeniging/2019-bmw-320d-m-sport-launch-edt-steptronic/1009152076100911044771609",132
"133","gauteng","v1c9077l3100003","https://www.gumtree.co.za/s-cars-bakkies/gauteng/v1c9077l3100003p1",50,"https://www.gumtree.co.za/s-cars-bakkies/gauteng/page-6/v1c9077l3100003p6","https://www.gumtree.co.za/a-cars-bakkies/vereeniging/2020-bmw-m4-coupe-competition-m+dct/1008996165720911044771609",133
"134","gauteng","v1c9077l3100003","https://www.gumtree.co.za/s-cars-bakkies/gauteng/v1c9077l3100003p1",50,"https://www.gumtree.co.za/s-cars-bakkies/gauteng/page-6/v1c9077l3100003p6","https://www.gumtree.co.za/a-cars-bakkies/sandton/2020-toyota-hilux-2-4-gd+6-rb-srx-single-cab-excellent-condition-full-service-history-41000km-r/1009127705550912541941409",134
"135","gauteng","v1c9077l3100003","https://www.gumtree.co.za/s-cars-bakkies/gauteng/v1c9077l3100003p1",50,"https://www.gumtree.co.za/s-cars-bakkies/gauteng/page-6/v1c9077l3100003p6","https://www.gumtree.co.za/a-cars-bakkies/bryanston/2013-mg-mg6-1-8t-comfort-fastback/1008953117500910320145109",135
"136","gauteng","v1c9077l3100003","https://www.gumtree.co.za/s-cars-bakkies/gauteng/v1c9077l3100003p1",50,"https://www.gumtree.co.za/s-cars-bakkies/gauteng/page-6/v1c9077l3100003p6","https://www.gumtree.co.za/a-cars-bakkies/johannesburg-south/ford-ranger-xle-4000-v6-4wd-automatic/1009120165820910984838309",136
"137","gauteng","v1c9077l3100003","https://www.gumtree.co.za/s-cars-bakkies/gauteng/v1c9077l3100003p1",50,"https://www.gumtree.co.za/s-cars-bakkies/gauteng/page-6/v1c9077l3100003p6","https://www.gumtree.co.za/a-cars-bakkies/vereeniging/2016-toyota-quantum-gl-2-5-d+4d-14+seater-bus-for-sale/1008831592000911400400809",137
"138","gauteng","v1c9077l3100003","https://www.gumtree.co.za/s-cars-bakkies/gauteng/v1c9077l3100003p1",50,"https://www.gumtree.co.za/s-cars-bakkies/gauteng/page-6/v1c9077l3100003p6","https://www.gumtree.co.za/a-cars-bakkies/vereeniging/2013-volkswagen-crafter-35-2-5-tdi-80kw-22seater-for-sale/1008831570720911400400809",138
"139","gauteng","v1c9077l3100003","https://www.gumtree.co.za/s-cars-bakkies/gauteng/v1c9077l3100003p1",50,"https://www.gumtree.co.za/s-cars-bakkies/gauteng/page-6/v1c9077l3100003p6","https://www.gumtree.co.za/a-cars-bakkies/johannesburg-cbd/2005-toyota-corolla-1-6-advanced/1009156821890912513551409",139
"140","gauteng","v1c9077l3100003","https://www.gumtree.co.za/s-cars-bakkies/gauteng/v1c9077l3100003p1",50,"https://www.gumtree.co.za/s-cars-bakkies/gauteng/page-6/v1c9077l3100003p6","https://www.gumtree.co.za/a-cars-bakkies/vereeniging/2015-toyota-quantum-2-5-d+4d-14+seater-bus-for-sale/1008831569540911400400809",140
"141","gauteng","v1c9077l3100003","https://www.gumtree.co.za/s-cars-bakkies/gauteng/v1c9077l3100003p1",50,"https://www.gumtree.co.za/s-cars-bakkies/gauteng/page-6/v1c9077l3100003p6","https://www.gumtree.co.za/a-cars-bakkies/johannesburg-cbd/2016-toyota-corolla-quest-1-6/1009156948390912513551409",141
"142","gauteng","v1c9077l3100003","https://www.gumtree.co.za/s-cars-bakkies/gauteng/v1c9077l3100003p1",50,"https://www.gumtree.co.za/s-cars-bakkies/gauteng/page-6/v1c9077l3100003p6","https://www.gumtree.co.za/a-cars-bakkies/johannesburg-cbd/2016-volkswagen-polo-1-6-comfortline/1009156815490912513551409",142
"143","gauteng","v1c9077l3100003","https://www.gumtree.co.za/s-cars-bakkies/gauteng/v1c9077l3100003p1",50,"https://www.gumtree.co.za/s-cars-bakkies/gauteng/page-6/v1c9077l3100003p6","https://www.gumtree.co.za/a-cars-bakkies/johannesburg-cbd/2013-kia-picanto-1-2-ex/1009156802350912513551409",143
"144","gauteng","v1c9077l3100003","https://www.gumtree.co.za/s-cars-bakkies/gauteng/v1c9077l3100003p1",50,"https://www.gumtree.co.za/s-cars-bakkies/gauteng/page-6/v1c9077l3100003p6","https://www.gumtree.co.za/a-cars-bakkies/johannesburg-cbd/2010-toyota-hilux-2-0-vvt+i/1009157024380912513551409",144
"145","gauteng","v1c9077l3100003","https://www.gumtree.co.za/s-cars-bakkies/gauteng/v1c9077l3100003p1",50,"https://www.gumtree.co.za/s-cars-bakkies/gauteng/page-6/v1c9077l3100003p6","https://www.gumtree.co.za/a-cars-bakkies/johannesburg-cbd/2017-audi-a1-sportback-1-2-tfsi-attraction-white-with-98000km-available-now/1009153993810912436984609",145
"146","gauteng","v1c9077l3100003","https://www.gumtree.co.za/s-cars-bakkies/gauteng/v1c9077l3100003p1",50,"https://www.gumtree.co.za/s-cars-bakkies/gauteng/page-6/v1c9077l3100003p6","https://www.gumtree.co.za/a-cars-bakkies/johannesburg-cbd/2008-ford-bantam-1-3/1009156855280912513551409",146
"147","gauteng","v1c9077l3100003","https://www.gumtree.co.za/s-cars-bakkies/gauteng/v1c9077l3100003p1",50,"https://www.gumtree.co.za/s-cars-bakkies/gauteng/page-6/v1c9077l3100003p6","https://www.gumtree.co.za/a-cars-bakkies/johannesburg-cbd/2012-jeep-compass-2-0-limited/1009156838630912513551409",147
"148","gauteng","v1c9077l3100003","https://www.gumtree.co.za/s-cars-bakkies/gauteng/v1c9077l3100003p1",50,"https://www.gumtree.co.za/s-cars-bakkies/gauteng/page-6/v1c9077l3100003p6","https://www.gumtree.co.za/a-cars-bakkies/johannesburg-cbd/2010-toyota-yaris-1-3-xi-5+door-tan-with-66000km-available-now/1009153839930912436984609",148
"149","gauteng","v1c9077l3100003","https://www.gumtree.co.za/s-cars-bakkies/gauteng/v1c9077l3100003p1",50,"https://www.gumtree.co.za/s-cars-bakkies/gauteng/page-6/v1c9077l3100003p6","https://www.gumtree.co.za/a-cars-bakkies/johannesburg-cbd/2012-opel-astra-1-4t-enjoy-red-with-85000km-available-now/1009153938540912436984609",149
"150","gauteng","v1c9077l3100003","https://www.gumtree.co.za/s-cars-bakkies/gauteng/v1c9077l3100003p1",50,"https://www.gumtree.co.za/s-cars-bakkies/gauteng/page-6/v1c9077l3100003p6","https://www.gumtree.co.za/a-cars-bakkies/johannesburg-cbd/2016-kia-rio-1-2-5+door/1009156990970912513551409",150
"151","gauteng","v1c9077l3100003","https://www.gumtree.co.za/s-cars-bakkies/gauteng/v1c9077l3100003p1",50,"https://www.gumtree.co.za/s-cars-bakkies/gauteng/page-6/v1c9077l3100003p6","https://www.gumtree.co.za/a-cars-bakkies/johannesburg-cbd/2014-toyota-corolla-quest-1-6/1009157048890912513551409",151
"152","gauteng","v1c9077l3100003","https://www.gumtree.co.za/s-cars-bakkies/gauteng/v1c9077l3100003p1",50,"https://www.gumtree.co.za/s-cars-bakkies/gauteng/page-6/v1c9077l3100003p6","https://www.gumtree.co.za/a-cars-bakkies/johannesburg-cbd/2012-honda-jazz-1-3-comfort/1009157013000912513551409",152
"153","gauteng","v1c9077l3100003","https://www.gumtree.co.za/s-cars-bakkies/gauteng/v1c9077l3100003p1",50,"https://www.gumtree.co.za/s-cars-bakkies/gauteng/page-6/v1c9077l3100003p6","https://www.gumtree.co.za/a-cars-bakkies/johannesburg-cbd/2019-volkswagen-polo-1-4-comfortline/1009157002420912513551409",153
"154","gauteng","v1c9077l3100003","https://www.gumtree.co.za/s-cars-bakkies/gauteng/v1c9077l3100003p1",50,"https://www.gumtree.co.za/s-cars-bakkies/gauteng/page-6/v1c9077l3100003p6","https://www.gumtree.co.za/a-cars-bakkies/johannesburg-cbd/2015-kia-k2700-workhorse-chassis-cab-white-with-85000km-available-now/1009153987220912436984609",154
"155","gauteng","v1c9077l3100003","https://www.gumtree.co.za/s-cars-bakkies/gauteng/v1c9077l3100003p1",50,"https://www.gumtree.co.za/s-cars-bakkies/gauteng/page-6/v1c9077l3100003p6","https://www.gumtree.co.za/a-cars-bakkies/johannesburg-cbd/2009-toyota-corolla-1-6-professional-blue-with-106000km-available-now/1009153711630912436984609",155
"156","gauteng","v1c9077l3100003","https://www.gumtree.co.za/s-cars-bakkies/gauteng/v1c9077l3100003p1",50,"https://www.gumtree.co.za/s-cars-bakkies/gauteng/page-6/v1c9077l3100003p6","https://www.gumtree.co.za/a-cars-bakkies/johannesburg-cbd/2014-volkswagen-polo-vivo-hatch-1-4-trendline/1009156997370912513551409",156
"157","gauteng","v1c9077l3100003","https://www.gumtree.co.za/s-cars-bakkies/gauteng/v1c9077l3100003p1",50,"https://www.gumtree.co.za/s-cars-bakkies/gauteng/page-7/v1c9077l3100003p7","https://www.gumtree.co.za/a-cars-bakkies/eastern-pretoria/hyundai-tucson-my19-2-0-executive-at/1009206381710912832351209",157
"158","gauteng","v1c9077l3100003","https://www.gumtree.co.za/s-cars-bakkies/gauteng/v1c9077l3100003p1",50,"https://www.gumtree.co.za/s-cars-bakkies/gauteng/page-7/v1c9077l3100003p7","https://www.gumtree.co.za/a-cars-bakkies/vereeniging/2019-bmw-320d-m-sport-launch-edt-steptronic/1009159161800911044771609",158
"159","gauteng","v1c9077l3100003","https://www.gumtree.co.za/s-cars-bakkies/gauteng/v1c9077l3100003p1",50,"https://www.gumtree.co.za/s-cars-bakkies/gauteng/page-7/v1c9077l3100003p7","https://www.gumtree.co.za/a-cars-bakkies/boksburg/2020-honda-ballade-my20-1-5-rs-cvt/1009152256940910908180109",159
"160","gauteng","v1c9077l3100003","https://www.gumtree.co.za/s-cars-bakkies/gauteng/v1c9077l3100003p1",50,"https://www.gumtree.co.za/s-cars-bakkies/gauteng/page-7/v1c9077l3100003p7","https://www.gumtree.co.za/a-cars-bakkies/bryanston/2017-datsun-go-43-1-2-lux-ab-7-seater/1008971248480910320145109",160
"161","gauteng","v1c9077l3100003","https://www.gumtree.co.za/s-cars-bakkies/gauteng/v1c9077l3100003p1",50,"https://www.gumtree.co.za/s-cars-bakkies/gauteng/page-7/v1c9077l3100003p7","https://www.gumtree.co.za/a-cars-bakkies/vereeniging/2020-bmw-x4-my18-xdrive20d-steptronic/1009152367910911044771609",161
"162","gauteng","v1c9077l3100003","https://www.gumtree.co.za/s-cars-bakkies/gauteng/v1c9077l3100003p1",50,"https://www.gumtree.co.za/s-cars-bakkies/gauteng/page-7/v1c9077l3100003p7","https://www.gumtree.co.za/a-cars-bakkies/bryanston/2016-fiat-qubo-1-3d-multijet/1008871851740910320145109",162
"163","gauteng","v1c9077l3100003","https://www.gumtree.co.za/s-cars-bakkies/gauteng/v1c9077l3100003p1",50,"https://www.gumtree.co.za/s-cars-bakkies/gauteng/page-7/v1c9077l3100003p7","https://www.gumtree.co.za/a-cars-bakkies/sandton/2008-audi-q7-3-0-tdi-v6-quattro-tip/1007722814690910425265609",163
"164","gauteng","v1c9077l3100003","https://www.gumtree.co.za/s-cars-bakkies/gauteng/v1c9077l3100003p1",50,"https://www.gumtree.co.za/s-cars-bakkies/gauteng/page-7/v1c9077l3100003p7","https://www.gumtree.co.za/a-cars-bakkies/johannesburg-cbd/2010-mercedes+benz-c-180-blueefficiency-elegance-7g+tronic-for-sale/1009153978110912436984609",164
"165","gauteng","v1c9077l3100003","https://www.gumtree.co.za/s-cars-bakkies/gauteng/v1c9077l3100003p1",50,"https://www.gumtree.co.za/s-cars-bakkies/gauteng/page-7/v1c9077l3100003p7","https://www.gumtree.co.za/a-cars-bakkies/johannesburg-cbd/2019-datsun-go-1-2-flash/1009156843130912513551409",165
"166","gauteng","v1c9077l3100003","https://www.gumtree.co.za/s-cars-bakkies/gauteng/v1c9077l3100003p1",50,"https://www.gumtree.co.za/s-cars-bakkies/gauteng/page-7/v1c9077l3100003p7","https://www.gumtree.co.za/a-cars-bakkies/johannesburg-cbd/2006-toyota-runx-140-rt-for-sale/1009153964910912436984609",166
"167","gauteng","v1c9077l3100003","https://www.gumtree.co.za/s-cars-bakkies/gauteng/v1c9077l3100003p1",50,"https://www.gumtree.co.za/s-cars-bakkies/gauteng/page-7/v1c9077l3100003p7","https://www.gumtree.co.za/a-cars-bakkies/eastern-pretoria/2015-hyundai-accent-hatch-1-6-fluid/1007062353870911119110309",167
"168","gauteng","v1c9077l3100003","https://www.gumtree.co.za/s-cars-bakkies/gauteng/v1c9077l3100003p1",50,"https://www.gumtree.co.za/s-cars-bakkies/gauteng/page-7/v1c9077l3100003p7","https://www.gumtree.co.za/a-cars-bakkies/johannesburg-cbd/blue-volkswagen-polo-1-6-comfortline-with-71000km-available-now/1009152404770912431411909",168
"169","gauteng","v1c9077l3100003","https://www.gumtree.co.za/s-cars-bakkies/gauteng/v1c9077l3100003p1",50,"https://www.gumtree.co.za/s-cars-bakkies/gauteng/page-7/v1c9077l3100003p7","https://www.gumtree.co.za/a-cars-bakkies/johannesburg-cbd/2009-nissan-qashqai-1-6-acenta-red-with-78000km-available-now/1009153931670912436984609",169
"170","gauteng","v1c9077l3100003","https://www.gumtree.co.za/s-cars-bakkies/gauteng/v1c9077l3100003p1",50,"https://www.gumtree.co.za/s-cars-bakkies/gauteng/page-7/v1c9077l3100003p7","https://www.gumtree.co.za/a-cars-bakkies/johannesburg-cbd/2006-toyota-yaris-1-3-t3-43-5+door-at-blue-with-104000km-available-now/1009153949410912436984609",170
"171","gauteng","v1c9077l3100003","https://www.gumtree.co.za/s-cars-bakkies/gauteng/v1c9077l3100003p1",50,"https://www.gumtree.co.za/s-cars-bakkies/gauteng/page-7/v1c9077l3100003p7","https://www.gumtree.co.za/a-cars-bakkies/johannesburg-cbd/2018-toyota-etios-1-5-xi-5+door/1009156936380912513551409",171
"172","gauteng","v1c9077l3100003","https://www.gumtree.co.za/s-cars-bakkies/gauteng/v1c9077l3100003p1",50,"https://www.gumtree.co.za/s-cars-bakkies/gauteng/page-7/v1c9077l3100003p7","https://www.gumtree.co.za/a-cars-bakkies/johannesburg-cbd/2014-mazda-3-1-6-active-4+door/1009156930220912513551409",172
"173","gauteng","v1c9077l3100003","https://www.gumtree.co.za/s-cars-bakkies/gauteng/v1c9077l3100003p1",50,"https://www.gumtree.co.za/s-cars-bakkies/gauteng/page-7/v1c9077l3100003p7","https://www.gumtree.co.za/a-cars-bakkies/johannesburg-cbd/2019-datsun-go-1-2-flash/1009156815290912513551409",173
"174","gauteng","v1c9077l3100003","https://www.gumtree.co.za/s-cars-bakkies/gauteng/v1c9077l3100003p1",50,"https://www.gumtree.co.za/s-cars-bakkies/gauteng/page-7/v1c9077l3100003p7","https://www.gumtree.co.za/a-cars-bakkies/johannesburg-cbd/2009-toyota-corolla-1-8-exclusive-cvt-silver-with-85000km-available-now/1009153663240912436984609",174
"175","gauteng","v1c9077l3100003","https://www.gumtree.co.za/s-cars-bakkies/gauteng/v1c9077l3100003p1",50,"https://www.gumtree.co.za/s-cars-bakkies/gauteng/page-7/v1c9077l3100003p7","https://www.gumtree.co.za/a-cars-bakkies/randburg/mercedes-r60000/1009266474960910020825709",175
"176","gauteng","v1c9077l3100003","https://www.gumtree.co.za/s-cars-bakkies/gauteng/v1c9077l3100003p1",50,"https://www.gumtree.co.za/s-cars-bakkies/gauteng/page-7/v1c9077l3100003p7","https://www.gumtree.co.za/a-cars-bakkies/johannesburg-cbd/2015-mercedes+benz-c-180-be-amg-red-with-64000km-available-now/1009153608280912436984609",176
"177","gauteng","v1c9077l3100003","https://www.gumtree.co.za/s-cars-bakkies/gauteng/v1c9077l3100003p1",50,"https://www.gumtree.co.za/s-cars-bakkies/gauteng/page-7/v1c9077l3100003p7","https://www.gumtree.co.za/a-cars-bakkies/johannesburg-cbd/2014-volkswagen-jetta-vi-1-2-tsi-trendline-for-sale/1009153956990912436984609",177
"178","gauteng","v1c9077l3100003","https://www.gumtree.co.za/s-cars-bakkies/gauteng/v1c9077l3100003p1",50,"https://www.gumtree.co.za/s-cars-bakkies/gauteng/page-7/v1c9077l3100003p7","https://www.gumtree.co.za/a-cars-bakkies/johannesburg-cbd/2016-volkswagen-jetta-vi-1-4-tsi-highline-dsg-silver-with-73000km-available-now/1009153743600912436984609",178
"179","gauteng","v1c9077l3100003","https://www.gumtree.co.za/s-cars-bakkies/gauteng/v1c9077l3100003p1",50,"https://www.gumtree.co.za/s-cars-bakkies/gauteng/page-7/v1c9077l3100003p7","https://www.gumtree.co.za/a-cars-bakkies/johannesburg-cbd/2010-chevrolet-aveo-1-6-l-5+door-ac/1009156826850912513551409",179
"180","gauteng","v1c9077l3100003","https://www.gumtree.co.za/s-cars-bakkies/gauteng/v1c9077l3100003p1",50,"https://www.gumtree.co.za/s-cars-bakkies/gauteng/page-7/v1c9077l3100003p7","https://www.gumtree.co.za/a-cars-bakkies/johannesburg-cbd/2008-toyota-corolla-1-6-advanced/1009156879550912513551409",180
"181","gauteng","v1c9077l3100003","https://www.gumtree.co.za/s-cars-bakkies/gauteng/v1c9077l3100003p1",50,"https://www.gumtree.co.za/s-cars-bakkies/gauteng/page-7/v1c9077l3100003p7","https://www.gumtree.co.za/a-cars-bakkies/johannesburg-cbd/2017-ford-ranger-2-2-tdci-base-4x2-super-cab/1009156953970912513551409",181
"182","gauteng","v1c9077l3100003","https://www.gumtree.co.za/s-cars-bakkies/gauteng/v1c9077l3100003p1",50,"https://www.gumtree.co.za/s-cars-bakkies/gauteng/page-7/v1c9077l3100003p7","https://www.gumtree.co.za/a-cars-bakkies/johannesburg-cbd/2011-bmw-520d/1009156831160912513551409",182
"183","gauteng","v1c9077l3100003","https://www.gumtree.co.za/s-cars-bakkies/gauteng/v1c9077l3100003p1",50,"https://www.gumtree.co.za/s-cars-bakkies/gauteng/page-8/v1c9077l3100003p8","https://www.gumtree.co.za/a-cars-bakkies/boksburg/2020-mitsubishi-asx-2-0-es-cvt-for-sale/1009152097880910976864409",183
"184","gauteng","v1c9077l3100003","https://www.gumtree.co.za/s-cars-bakkies/gauteng/v1c9077l3100003p1",50,"https://www.gumtree.co.za/s-cars-bakkies/gauteng/page-8/v1c9077l3100003p8","https://www.gumtree.co.za/a-cars-bakkies/sandton/2021-alfa-romeo-stelvio-2-9t-q4-race-edition-for-sale/1008993503200911404480109",184
"185","gauteng","v1c9077l3100003","https://www.gumtree.co.za/s-cars-bakkies/gauteng/v1c9077l3100003p1",50,"https://www.gumtree.co.za/s-cars-bakkies/gauteng/page-8/v1c9077l3100003p8","https://www.gumtree.co.za/a-cars-bakkies/boksburg/2020-honda-ballade-my20-1-5-rs-cvt/1009152256940910908180109",185
"186","gauteng","v1c9077l3100003","https://www.gumtree.co.za/s-cars-bakkies/gauteng/v1c9077l3100003p1",50,"https://www.gumtree.co.za/s-cars-bakkies/gauteng/page-8/v1c9077l3100003p8","https://www.gumtree.co.za/a-cars-bakkies/sandton/2019-toyota-hilux-2-4-gd+6-rb-srx-4x4-single-cab-excellent-condition-full-service-history-62000k/1009205903520912541941409",186
"187","gauteng","v1c9077l3100003","https://www.gumtree.co.za/s-cars-bakkies/gauteng/v1c9077l3100003p1",50,"https://www.gumtree.co.za/s-cars-bakkies/gauteng/page-8/v1c9077l3100003p8","https://www.gumtree.co.za/a-cars-bakkies/eastern-pretoria/opel-corsa-1-0t-enjoy-66kw/1009232452980912832351209",187
"188","gauteng","v1c9077l3100003","https://www.gumtree.co.za/s-cars-bakkies/gauteng/v1c9077l3100003p1",50,"https://www.gumtree.co.za/s-cars-bakkies/gauteng/page-8/v1c9077l3100003p8","https://www.gumtree.co.za/a-cars-bakkies/boksburg/2013-land-rover-freelander-2-hse-auto/1009221776880910352361409",188
"189","gauteng","v1c9077l3100003","https://www.gumtree.co.za/s-cars-bakkies/gauteng/v1c9077l3100003p1",50,"https://www.gumtree.co.za/s-cars-bakkies/gauteng/page-8/v1c9077l3100003p8","https://www.gumtree.co.za/a-cars-bakkies/johannesburg-cbd/2006-toyota-yaris-1-3-t3-43-5+door-at-blue-with-104000km-available-now/1009153949410912436984609",189
"190","gauteng","v1c9077l3100003","https://www.gumtree.co.za/s-cars-bakkies/gauteng/v1c9077l3100003p1",50,"https://www.gumtree.co.za/s-cars-bakkies/gauteng/page-8/v1c9077l3100003p8","https://www.gumtree.co.za/a-cars-bakkies/johannesburg-cbd/2018-toyota-etios-1-5-xi-5+door/1009156936380912513551409",190
"191","gauteng","v1c9077l3100003","https://www.gumtree.co.za/s-cars-bakkies/gauteng/v1c9077l3100003p1",50,"https://www.gumtree.co.za/s-cars-bakkies/gauteng/page-8/v1c9077l3100003p8","https://www.gumtree.co.za/a-cars-bakkies/johannesburg-cbd/2014-mazda-3-1-6-active-4+door/1009156930220912513551409",191
"192","gauteng","v1c9077l3100003","https://www.gumtree.co.za/s-cars-bakkies/gauteng/v1c9077l3100003p1",50,"https://www.gumtree.co.za/s-cars-bakkies/gauteng/page-8/v1c9077l3100003p8","https://www.gumtree.co.za/a-cars-bakkies/johannesburg-cbd/2019-datsun-go-1-2-flash/1009156815290912513551409",192
"193","gauteng","v1c9077l3100003","https://www.gumtree.co.za/s-cars-bakkies/gauteng/v1c9077l3100003p1",50,"https://www.gumtree.co.za/s-cars-bakkies/gauteng/page-8/v1c9077l3100003p8","https://www.gumtree.co.za/a-cars-bakkies/johannesburg-cbd/2009-toyota-corolla-1-8-exclusive-cvt-silver-with-85000km-available-now/1009153663240912436984609",193
"194","gauteng","v1c9077l3100003","https://www.gumtree.co.za/s-cars-bakkies/gauteng/v1c9077l3100003p1",50,"https://www.gumtree.co.za/s-cars-bakkies/gauteng/page-8/v1c9077l3100003p8","https://www.gumtree.co.za/a-cars-bakkies/randburg/mercedes-r60000/1009266474960910020825709",194
"195","gauteng","v1c9077l3100003","https://www.gumtree.co.za/s-cars-bakkies/gauteng/v1c9077l3100003p1",50,"https://www.gumtree.co.za/s-cars-bakkies/gauteng/page-8/v1c9077l3100003p8","https://www.gumtree.co.za/a-cars-bakkies/johannesburg-cbd/2015-mercedes+benz-c-180-be-amg-red-with-64000km-available-now/1009153608280912436984609",195
"196","gauteng","v1c9077l3100003","https://www.gumtree.co.za/s-cars-bakkies/gauteng/v1c9077l3100003p1",50,"https://www.gumtree.co.za/s-cars-bakkies/gauteng/page-8/v1c9077l3100003p8","https://www.gumtree.co.za/a-cars-bakkies/johannesburg-cbd/2014-volkswagen-jetta-vi-1-2-tsi-trendline-for-sale/1009153956990912436984609",196
"197","gauteng","v1c9077l3100003","https://www.gumtree.co.za/s-cars-bakkies/gauteng/v1c9077l3100003p1",50,"https://www.gumtree.co.za/s-cars-bakkies/gauteng/page-8/v1c9077l3100003p8","https://www.gumtree.co.za/a-cars-bakkies/johannesburg-cbd/2016-volkswagen-jetta-vi-1-4-tsi-highline-dsg-silver-with-73000km-available-now/1009153743600912436984609",197
"198","gauteng","v1c9077l3100003","https://www.gumtree.co.za/s-cars-bakkies/gauteng/v1c9077l3100003p1",50,"https://www.gumtree.co.za/s-cars-bakkies/gauteng/page-8/v1c9077l3100003p8","https://www.gumtree.co.za/a-cars-bakkies/johannesburg-cbd/2010-chevrolet-aveo-1-6-l-5+door-ac/1009156826850912513551409",198
"199","gauteng","v1c9077l3100003","https://www.gumtree.co.za/s-cars-bakkies/gauteng/v1c9077l3100003p1",50,"https://www.gumtree.co.za/s-cars-bakkies/gauteng/page-8/v1c9077l3100003p8","https://www.gumtree.co.za/a-cars-bakkies/johannesburg-cbd/2008-toyota-corolla-1-6-advanced/1009156879550912513551409",199
"200","gauteng","v1c9077l3100003","https://www.gumtree.co.za/s-cars-bakkies/gauteng/v1c9077l3100003p1",50,"https://www.gumtree.co.za/s-cars-bakkies/gauteng/page-8/v1c9077l3100003p8","https://www.gumtree.co.za/a-cars-bakkies/johannesburg-cbd/2017-ford-ranger-2-2-tdci-base-4x2-super-cab/1009156953970912513551409",200
"201","gauteng","v1c9077l3100003","https://www.gumtree.co.za/s-cars-bakkies/gauteng/v1c9077l3100003p1",50,"https://www.gumtree.co.za/s-cars-bakkies/gauteng/page-8/v1c9077l3100003p8","https://www.gumtree.co.za/a-cars-bakkies/johannesburg-cbd/2011-bmw-520d/1009156831160912513551409",201
"202","gauteng","v1c9077l3100003","https://www.gumtree.co.za/s-cars-bakkies/gauteng/v1c9077l3100003p1",50,"https://www.gumtree.co.za/s-cars-bakkies/gauteng/page-8/v1c9077l3100003p8","https://www.gumtree.co.za/a-cars-bakkies/johannesburg-cbd/2016-ford-focus-1-0-ecoboost-ambiente-4+door/1009156793590912513551409",202
"203","gauteng","v1c9077l3100003","https://www.gumtree.co.za/s-cars-bakkies/gauteng/v1c9077l3100003p1",50,"https://www.gumtree.co.za/s-cars-bakkies/gauteng/page-8/v1c9077l3100003p8","https://www.gumtree.co.za/a-cars-bakkies/johannesburg-cbd/2016-suzuki-swift-1-2-ga/1009156930290912513551409",203
"204","gauteng","v1c9077l3100003","https://www.gumtree.co.za/s-cars-bakkies/gauteng/v1c9077l3100003p1",50,"https://www.gumtree.co.za/s-cars-bakkies/gauteng/page-8/v1c9077l3100003p8","https://www.gumtree.co.za/a-cars-bakkies/johannesburg-cbd/2006-toyota-hilux-2-5-d+4d/1009156853050912513551409",204
"205","gauteng","v1c9077l3100003","https://www.gumtree.co.za/s-cars-bakkies/gauteng/v1c9077l3100003p1",50,"https://www.gumtree.co.za/s-cars-bakkies/gauteng/page-8/v1c9077l3100003p8","https://www.gumtree.co.za/a-cars-bakkies/katlehong/ford-focus-1-0-ecoboost/1008693747370911174561309",205
"206","gauteng","v1c9077l3100003","https://www.gumtree.co.za/s-cars-bakkies/gauteng/v1c9077l3100003p1",50,"https://www.gumtree.co.za/s-cars-bakkies/gauteng/page-8/v1c9077l3100003p8","https://www.gumtree.co.za/a-cars-bakkies/johannesburg-cbd/2006-toyota-hilux-2-5-d+4d/1009156872280912513551409",206
"207","gauteng","v1c9077l3100003","https://www.gumtree.co.za/s-cars-bakkies/gauteng/v1c9077l3100003p1",50,"https://www.gumtree.co.za/s-cars-bakkies/gauteng/page-8/v1c9077l3100003p8","https://www.gumtree.co.za/a-cars-bakkies/johannesburg-cbd/2015-hyundai-accent-1-6-gl/1009156951930912513551409",207
"208","gauteng","v1c9077l3100003","https://www.gumtree.co.za/s-cars-bakkies/gauteng/v1c9077l3100003p1",50,"https://www.gumtree.co.za/s-cars-bakkies/gauteng/page-8/v1c9077l3100003p8","https://www.gumtree.co.za/a-cars-bakkies/johannesburg-cbd/2017-renault-clio-1-2-turbo-gt-line/1009156926040912513551409",208
"209","gauteng","v1c9077l3100003","https://www.gumtree.co.za/s-cars-bakkies/gauteng/v1c9077l3100003p1",50,"https://www.gumtree.co.za/s-cars-bakkies/gauteng/page-9/v1c9077l3100003p9","https://www.gumtree.co.za/a-cars-bakkies/eastern-pretoria/isuzu-d+max-my19-300-d-cab-lx-at/1009206583990912832351209",209
"210","gauteng","v1c9077l3100003","https://www.gumtree.co.za/s-cars-bakkies/gauteng/v1c9077l3100003p1",50,"https://www.gumtree.co.za/s-cars-bakkies/gauteng/page-9/v1c9077l3100003p9","https://www.gumtree.co.za/a-cars-bakkies/boksburg/2021-honda-civic-1-5t-sport-4+door-cvt/1009165313280910908180109",210
"211","gauteng","v1c9077l3100003","https://www.gumtree.co.za/s-cars-bakkies/gauteng/v1c9077l3100003p1",50,"https://www.gumtree.co.za/s-cars-bakkies/gauteng/page-9/v1c9077l3100003p9","https://www.gumtree.co.za/a-cars-bakkies/sandton/white-mercedes+benz-x-250d-4x4-d-cab-progressive-with-23000km-available-now/1009097426130911404480109",211
"212","gauteng","v1c9077l3100003","https://www.gumtree.co.za/s-cars-bakkies/gauteng/v1c9077l3100003p1",50,"https://www.gumtree.co.za/s-cars-bakkies/gauteng/page-9/v1c9077l3100003p9","https://www.gumtree.co.za/a-cars-bakkies/bryanston/2011-mercedes+benz-e+class-sedan-e-63-amg-speedshift-7g+tronic/1008852066560910320145109",212
"213","gauteng","v1c9077l3100003","https://www.gumtree.co.za/s-cars-bakkies/gauteng/v1c9077l3100003p1",50,"https://www.gumtree.co.za/s-cars-bakkies/gauteng/page-9/v1c9077l3100003p9","https://www.gumtree.co.za/a-cars-bakkies/bryanston/2015-mercedes+benz-gla-gla-250-amg-4matic-7g+dct/1008921810000910320145109",213
"214","gauteng","v1c9077l3100003","https://www.gumtree.co.za/s-cars-bakkies/gauteng/v1c9077l3100003p1",50,"https://www.gumtree.co.za/s-cars-bakkies/gauteng/page-9/v1c9077l3100003p9","https://www.gumtree.co.za/a-cars-bakkies/sandton/2010-toyota-hilux-3-0-d+4d-d-cab-4x4-raider-legend-45/1009152715100912493187409",214
"215","gauteng","v1c9077l3100003","https://www.gumtree.co.za/s-cars-bakkies/gauteng/v1c9077l3100003p1",50,"https://www.gumtree.co.za/s-cars-bakkies/gauteng/page-9/v1c9077l3100003p9","https://www.gumtree.co.za/a-cars-bakkies/johannesburg-cbd/mazda-323-130-4+door-cheapest-car-hire-in-gauteng/1006954937770911466292309",215
"216","gauteng","v1c9077l3100003","https://www.gumtree.co.za/s-cars-bakkies/gauteng/v1c9077l3100003p1",50,"https://www.gumtree.co.za/s-cars-bakkies/gauteng/page-9/v1c9077l3100003p9","https://www.gumtree.co.za/a-cars-bakkies/johannesburg-cbd/white-toyota-tazz-130-cheapest-car-hire-in-gauteng/1006954951730911466292309",216
"217","gauteng","v1c9077l3100003","https://www.gumtree.co.za/s-cars-bakkies/gauteng/v1c9077l3100003p1",50,"https://www.gumtree.co.za/s-cars-bakkies/gauteng/page-9/v1c9077l3100003p9","https://www.gumtree.co.za/a-cars-bakkies/johannesburg-cbd/2016-ford-focus-1-0-ecoboost-trend-5+door-for-sale/1009153966830912436984609",217
"218","gauteng","v1c9077l3100003","https://www.gumtree.co.za/s-cars-bakkies/gauteng/v1c9077l3100003p1",50,"https://www.gumtree.co.za/s-cars-bakkies/gauteng/page-9/v1c9077l3100003p9","https://www.gumtree.co.za/a-cars-bakkies/johannesburg-cbd/2011-audi-derivative/1009187991620912513551409",218
"219","gauteng","v1c9077l3100003","https://www.gumtree.co.za/s-cars-bakkies/gauteng/v1c9077l3100003p1",50,"https://www.gumtree.co.za/s-cars-bakkies/gauteng/page-9/v1c9077l3100003p9","https://www.gumtree.co.za/a-cars-bakkies/johannesburg-cbd/2007-toyota-fortuner-3-0-d+4d-4x2-at-white-with-96000km-available-now/1009153987370912436984609",219
"220","gauteng","v1c9077l3100003","https://www.gumtree.co.za/s-cars-bakkies/gauteng/v1c9077l3100003p1",50,"https://www.gumtree.co.za/s-cars-bakkies/gauteng/page-9/v1c9077l3100003p9","https://www.gumtree.co.za/a-cars-bakkies/johannesburg-cbd/2014-volkswagen-polo-1-4-trendline/1009156957730912513551409",220
"221","gauteng","v1c9077l3100003","https://www.gumtree.co.za/s-cars-bakkies/gauteng/v1c9077l3100003p1",50,"https://www.gumtree.co.za/s-cars-bakkies/gauteng/page-9/v1c9077l3100003p9","https://www.gumtree.co.za/a-cars-bakkies/johannesburg-cbd/2019-datsun-go-1-2-remix-orange-with-8000km-available-now/1009153544510912436984609",221
"222","gauteng","v1c9077l3100003","https://www.gumtree.co.za/s-cars-bakkies/gauteng/v1c9077l3100003p1",50,"https://www.gumtree.co.za/s-cars-bakkies/gauteng/page-9/v1c9077l3100003p9","https://www.gumtree.co.za/a-cars-bakkies/johannesburg-cbd/2018-nissan-almera-1-6-comfort/1009156925720912513551409",222
"223","gauteng","v1c9077l3100003","https://www.gumtree.co.za/s-cars-bakkies/gauteng/v1c9077l3100003p1",50,"https://www.gumtree.co.za/s-cars-bakkies/gauteng/page-9/v1c9077l3100003p9","https://www.gumtree.co.za/a-cars-bakkies/johannesburg-cbd/2016-nissan-np200-1-6-16v-airbags/1009156853490912513551409",223
"224","gauteng","v1c9077l3100003","https://www.gumtree.co.za/s-cars-bakkies/gauteng/v1c9077l3100003p1",50,"https://www.gumtree.co.za/s-cars-bakkies/gauteng/page-9/v1c9077l3100003p9","https://www.gumtree.co.za/a-cars-bakkies/johannesburg-cbd/2015-toyota-etios-1-5-xs-sedan-white-with-65000km-available-now/1009154000450912436984609",224
"225","gauteng","v1c9077l3100003","https://www.gumtree.co.za/s-cars-bakkies/gauteng/v1c9077l3100003p1",50,"https://www.gumtree.co.za/s-cars-bakkies/gauteng/page-9/v1c9077l3100003p9","https://www.gumtree.co.za/a-cars-bakkies/kempton-park/2013-bmw-118i-5+door/1002613307430910414055309",225
"226","gauteng","v1c9077l3100003","https://www.gumtree.co.za/s-cars-bakkies/gauteng/v1c9077l3100003p1",50,"https://www.gumtree.co.za/s-cars-bakkies/gauteng/page-9/v1c9077l3100003p9","https://www.gumtree.co.za/a-cars-bakkies/johannesburg-cbd/2018-ford-ranger-2-2-tdci-xl-4x4-d-cab/1009157035200912513551409",226
"227","gauteng","v1c9077l3100003","https://www.gumtree.co.za/s-cars-bakkies/gauteng/v1c9077l3100003p1",50,"https://www.gumtree.co.za/s-cars-bakkies/gauteng/page-9/v1c9077l3100003p9","https://www.gumtree.co.za/a-cars-bakkies/johannesburg-cbd/2018-toyota-hilux-2-4-gd/1009156810740912513551409",227
"228","gauteng","v1c9077l3100003","https://www.gumtree.co.za/s-cars-bakkies/gauteng/v1c9077l3100003p1",50,"https://www.gumtree.co.za/s-cars-bakkies/gauteng/page-9/v1c9077l3100003p9","https://www.gumtree.co.za/a-cars-bakkies/johannesburg-cbd/2016-volkswagen-polo-vivo-hatch-1-4-street-white-with-68000km-available-now/1009153815330912436984609",228
"229","gauteng","v1c9077l3100003","https://www.gumtree.co.za/s-cars-bakkies/gauteng/v1c9077l3100003p1",50,"https://www.gumtree.co.za/s-cars-bakkies/gauteng/page-9/v1c9077l3100003p9","https://www.gumtree.co.za/a-cars-bakkies/johannesburg-cbd/2017-renault-kwid-1-0-climber-abs/1009156881550912513551409",229
"230","gauteng","v1c9077l3100003","https://www.gumtree.co.za/s-cars-bakkies/gauteng/v1c9077l3100003p1",50,"https://www.gumtree.co.za/s-cars-bakkies/gauteng/page-9/v1c9077l3100003p9","https://www.gumtree.co.za/a-cars-bakkies/johannesburg-cbd/2018-nissan-np200-1-6-16v-airbags/1009156845300912513551409",230
"231","gauteng","v1c9077l3100003","https://www.gumtree.co.za/s-cars-bakkies/gauteng/v1c9077l3100003p1",50,"https://www.gumtree.co.za/s-cars-bakkies/gauteng/page-9/v1c9077l3100003p9","https://www.gumtree.co.za/a-cars-bakkies/boksburg/2018-kia-picanto-hatch/1009099531890910962474209",231
"232","gauteng","v1c9077l3100003","https://www.gumtree.co.za/s-cars-bakkies/gauteng/v1c9077l3100003p1",50,"https://www.gumtree.co.za/s-cars-bakkies/gauteng/page-9/v1c9077l3100003p9","https://www.gumtree.co.za/a-cars-bakkies/johannesburg-cbd/2012-toyota-hilux-2-5-d+4d/1009156837110912513551409",232
"233","gauteng","v1c9077l3100003","https://www.gumtree.co.za/s-cars-bakkies/gauteng/v1c9077l3100003p1",50,"https://www.gumtree.co.za/s-cars-bakkies/gauteng/page-9/v1c9077l3100003p9","https://www.gumtree.co.za/a-cars-bakkies/johannesburg-cbd/2012-chevrolet-spark-1-2-l/1009156905550912513551409",233
"234","gauteng","v1c9077l3100003","https://www.gumtree.co.za/s-cars-bakkies/gauteng/v1c9077l3100003p1",50,"https://www.gumtree.co.za/s-cars-bakkies/gauteng/page-9/v1c9077l3100003p9","https://www.gumtree.co.za/a-cars-bakkies/johannesburg-cbd/2017-toyota-hilux-2-4-gd/1009156806950912513551409",234
"235","gauteng","v1c9077l3100003","https://www.gumtree.co.za/s-cars-bakkies/gauteng/v1c9077l3100003p1",50,"https://www.gumtree.co.za/s-cars-bakkies/gauteng/page-10/v1c9077l3100003p10","https://www.gumtree.co.za/a-cars-bakkies/vereeniging/2019-bmw-320d-m-sport-launch-edt-steptronic/1009152076100911044771609",235
"236","gauteng","v1c9077l3100003","https://www.gumtree.co.za/s-cars-bakkies/gauteng/v1c9077l3100003p1",50,"https://www.gumtree.co.za/s-cars-bakkies/gauteng/page-10/v1c9077l3100003p10","https://www.gumtree.co.za/a-cars-bakkies/boksburg/2021-honda-hr+v-1-8-elegance-cvt/1009165286390910908180109",236
"237","gauteng","v1c9077l3100003","https://www.gumtree.co.za/s-cars-bakkies/gauteng/v1c9077l3100003p1",50,"https://www.gumtree.co.za/s-cars-bakkies/gauteng/page-10/v1c9077l3100003p10","https://www.gumtree.co.za/a-cars-bakkies/inner-city-cbd-bruma/2021-mazda-cx+5-2-0-active-4x2/1009166349950910404375409",237
"238","gauteng","v1c9077l3100003","https://www.gumtree.co.za/s-cars-bakkies/gauteng/v1c9077l3100003p1",50,"https://www.gumtree.co.za/s-cars-bakkies/gauteng/page-10/v1c9077l3100003p10","https://www.gumtree.co.za/a-cars-bakkies/bryanston/2013-other-+-bike-yamaha-xvs-stryker/1008852183380910320145109",238
"239","gauteng","v1c9077l3100003","https://www.gumtree.co.za/s-cars-bakkies/gauteng/v1c9077l3100003p1",50,"https://www.gumtree.co.za/s-cars-bakkies/gauteng/page-10/v1c9077l3100003p10","https://www.gumtree.co.za/a-cars-bakkies/soweto/2021-volkswagen-caddy-crew-bus-my17-2-0-tdi/1008788789880910404594009",239
"240","gauteng","v1c9077l3100003","https://www.gumtree.co.za/s-cars-bakkies/gauteng/v1c9077l3100003p1",50,"https://www.gumtree.co.za/s-cars-bakkies/gauteng/page-10/v1c9077l3100003p10","https://www.gumtree.co.za/a-cars-bakkies/johannesburg-cbd/2017-kia-picanto-1-0/1009156937430912513551409",240
"241","gauteng","v1c9077l3100003","https://www.gumtree.co.za/s-cars-bakkies/gauteng/v1c9077l3100003p1",50,"https://www.gumtree.co.za/s-cars-bakkies/gauteng/page-10/v1c9077l3100003p10","https://www.gumtree.co.za/a-cars-bakkies/johannesburg-cbd/2015-hyundai-grand-i10-1-2-fluid/1009156904500912513551409",241
"242","gauteng","v1c9077l3100003","https://www.gumtree.co.za/s-cars-bakkies/gauteng/v1c9077l3100003p1",50,"https://www.gumtree.co.za/s-cars-bakkies/gauteng/page-10/v1c9077l3100003p10","https://www.gumtree.co.za/a-cars-bakkies/johannesburg-cbd/2018-volkswagen-polo-1-0-comfortline/1009156907690912513551409",242
"243","gauteng","v1c9077l3100003","https://www.gumtree.co.za/s-cars-bakkies/gauteng/v1c9077l3100003p1",50,"https://www.gumtree.co.za/s-cars-bakkies/gauteng/page-10/v1c9077l3100003p10","https://www.gumtree.co.za/a-cars-bakkies/johannesburg-cbd/2018-toyota-etios-1-5-xi-5+door/1009156851050912513551409",243
"244","gauteng","v1c9077l3100003","https://www.gumtree.co.za/s-cars-bakkies/gauteng/v1c9077l3100003p1",50,"https://www.gumtree.co.za/s-cars-bakkies/gauteng/page-10/v1c9077l3100003p10","https://www.gumtree.co.za/a-cars-bakkies/johannesburg-cbd/2008-mazda-mazda2-1-3-active/1009156949650912513551409",244
"245","gauteng","v1c9077l3100003","https://www.gumtree.co.za/s-cars-bakkies/gauteng/v1c9077l3100003p1",50,"https://www.gumtree.co.za/s-cars-bakkies/gauteng/page-10/v1c9077l3100003p10","https://www.gumtree.co.za/a-cars-bakkies/johannesburg-cbd/2009-toyota-corolla-1-6-advanced/1009156817980912513551409",245
"246","gauteng","v1c9077l3100003","https://www.gumtree.co.za/s-cars-bakkies/gauteng/v1c9077l3100003p1",50,"https://www.gumtree.co.za/s-cars-bakkies/gauteng/page-10/v1c9077l3100003p10","https://www.gumtree.co.za/a-cars-bakkies/johannesburg-cbd/black-volkswagen-polo-1-6-comfortline-with-85000km-available-now/1009153442990912431411909",246
"247","gauteng","v1c9077l3100003","https://www.gumtree.co.za/s-cars-bakkies/gauteng/v1c9077l3100003p1",50,"https://www.gumtree.co.za/s-cars-bakkies/gauteng/page-10/v1c9077l3100003p10","https://www.gumtree.co.za/a-cars-bakkies/johannesburg-cbd/2019-volkswagen-polo-1-4-comfortline/1009156930200912513551409",247
"248","gauteng","v1c9077l3100003","https://www.gumtree.co.za/s-cars-bakkies/gauteng/v1c9077l3100003p1",50,"https://www.gumtree.co.za/s-cars-bakkies/gauteng/page-10/v1c9077l3100003p10","https://www.gumtree.co.za/a-cars-bakkies/johannesburg-cbd/2017-nissan-np200-1-6-16v-airbags/1009156899390912513551409",248
"249","gauteng","v1c9077l3100003","https://www.gumtree.co.za/s-cars-bakkies/gauteng/v1c9077l3100003p1",50,"https://www.gumtree.co.za/s-cars-bakkies/gauteng/page-10/v1c9077l3100003p10","https://www.gumtree.co.za/a-cars-bakkies/johannesburg-cbd/2014-toyota-corolla-1-6-professional/1009156792850912513551409",249
"250","gauteng","v1c9077l3100003","https://www.gumtree.co.za/s-cars-bakkies/gauteng/v1c9077l3100003p1",50,"https://www.gumtree.co.za/s-cars-bakkies/gauteng/page-10/v1c9077l3100003p10","https://www.gumtree.co.za/a-cars-bakkies/boksburg/2004-chevrolet-lumina-3-8-s-at-for-sale/1006383508310910356818109",250
"251","gauteng","v1c9077l3100003","https://www.gumtree.co.za/s-cars-bakkies/gauteng/v1c9077l3100003p1",50,"https://www.gumtree.co.za/s-cars-bakkies/gauteng/page-10/v1c9077l3100003p10","https://www.gumtree.co.za/a-cars-bakkies/johannesburg-cbd/2017-toyota-avanza-1-5-sx/1009156849550912513551409",251
"252","gauteng","v1c9077l3100003","https://www.gumtree.co.za/s-cars-bakkies/gauteng/v1c9077l3100003p1",50,"https://www.gumtree.co.za/s-cars-bakkies/gauteng/page-10/v1c9077l3100003p10","https://www.gumtree.co.za/a-cars-bakkies/johannesburg-cbd/2007-hyundai-getz-1-6-for-sale/1008978826770912558571009",252
"253","gauteng","v1c9077l3100003","https://www.gumtree.co.za/s-cars-bakkies/gauteng/v1c9077l3100003p1",50,"https://www.gumtree.co.za/s-cars-bakkies/gauteng/page-10/v1c9077l3100003p10","https://www.gumtree.co.za/a-cars-bakkies/northern-pretoria/2009-toyota-fortuner-4-0-v6-4x4-at/1006930169420911473450209",253
"254","gauteng","v1c9077l3100003","https://www.gumtree.co.za/s-cars-bakkies/gauteng/v1c9077l3100003p1",50,"https://www.gumtree.co.za/s-cars-bakkies/gauteng/page-10/v1c9077l3100003p10","https://www.gumtree.co.za/a-cars-bakkies/johannesburg-cbd/2016-nissan-np200-1-6-16v-airbags/1009157014840912513551409",254
"255","gauteng","v1c9077l3100003","https://www.gumtree.co.za/s-cars-bakkies/gauteng/v1c9077l3100003p1",50,"https://www.gumtree.co.za/s-cars-bakkies/gauteng/page-10/v1c9077l3100003p10","https://www.gumtree.co.za/a-cars-bakkies/johannesburg-cbd/2009-toyota-yaris-1-3-t3-sedan-ac-tan-with-86000km-available-now/1009153781060912436984609",255
"256","gauteng","v1c9077l3100003","https://www.gumtree.co.za/s-cars-bakkies/gauteng/v1c9077l3100003p1",50,"https://www.gumtree.co.za/s-cars-bakkies/gauteng/page-10/v1c9077l3100003p10","https://www.gumtree.co.za/a-cars-bakkies/johannesburg-cbd/2018-renault-sandero-0-9-turbo-expression/1009156986760912513551409",256
"257","gauteng","v1c9077l3100003","https://www.gumtree.co.za/s-cars-bakkies/gauteng/v1c9077l3100003p1",50,"https://www.gumtree.co.za/s-cars-bakkies/gauteng/page-10/v1c9077l3100003p10","https://www.gumtree.co.za/a-cars-bakkies/northern-pretoria/2017-volkswagen-polo-my15-1-4-tdi-trendline/1006402963890911473450209",257
"258","gauteng","v1c9077l3100003","https://www.gumtree.co.za/s-cars-bakkies/gauteng/v1c9077l3100003p1",50,"https://www.gumtree.co.za/s-cars-bakkies/gauteng/page-10/v1c9077l3100003p10","https://www.gumtree.co.za/a-cars-bakkies/johannesburg-cbd/2007-toyota-corolla-1-6-professional/1009156828050912513551409",258
"259","gauteng","v1c9077l3100003","https://www.gumtree.co.za/s-cars-bakkies/gauteng/v1c9077l3100003p1",50,"https://www.gumtree.co.za/s-cars-bakkies/gauteng/page-10/v1c9077l3100003p10","https://www.gumtree.co.za/a-cars-bakkies/johannesburg-cbd/2015-toyota-corolla-1-6-prestige/1009156854150912513551409",259
